"","MEGYE","OEVK","jelolt","part","szavazat","szav_pct","gyoztes"
"1","01",1," Szöllősi Istvánné","SZOCIÁLDEMOKRATÁK","321","0.68",""
"2","01",1," Schiffer András","LMP","6482","13.65",""
"3","01",1," Rogán Antal","FIDESZ-KDNP","21503","45.29","Igen"
"4","01",1," Hegedűs Lóránt Gézáné","JOBBIK","3713","7.82",""
"5","01",1," Kerék-Bárczy Szabolcs","MSZP-EGYÜTT-DK-PM-MLP","15459","32.56",""
"6","01",2," Novák Előd Attila","JOBBIK","4291","8.02",""
"7","01",2,"Dr. Simicskó István","FIDESZ-KDNP","23963","44.78","Igen"
"8","01",2," Nagy Péter","JESZ","207","0.39",""
"9","01",2," Csárdi Antal","LMP","4615","8.62",""
"10","01",2,"Dr. Józsa István","MSZP-EGYÜTT-DK-PM-MLP","19643","36.71",""
"11","01",2," Benyovszky Gábor","MUNKÁSPÁRT","262","0.49",""
"12","01",2," Petre-Varga Fruzsina Zsuzsanna","SEM","534","1.00",""
"13","01",3," Mile Melinda","SEM","479","0.91",""
"14","01",3,"Dr. Németh Julianna Erzsébet","FKGP","139","0.26",""
"15","01",3," Bartha Attila","4K!","269","0.51",""
"16","01",3," Hajdu Mária","LMP","5321","10.11",""
"17","01",3," Szávay István","JOBBIK","3220","6.12",""
"18","01",3," Szuna Ferenc","KTI","157","0.30",""
"19","01",3,"Dr. Fónagy János Vilmos","FIDESZ-KDNP","24610","46.78","Igen"
"20","01",3," Bauer Tamás","MSZP-EGYÜTT-DK-PM-MLP","18414","35.00",""
"21","01",4," Suhajdáné Toldi Zsanett Dea","ÖP","432","0.80",""
"22","01",4," Varga Mihály","FIDESZ-KDNP","24928","45.90","Igen"
"23","01",4," Szelényi Zsuzsanna","MSZP-EGYÜTT-DK-PM-MLP","20750","38.21",""
"24","01",4," Bodor Zoltán","JOBBIK","3583","6.60",""
"25","01",4," Dárdai Zsuzsanna Terézia","LMP","4618","8.50",""
"26","01",5,"Dr. Oláh Lajos","MSZP-EGYÜTT-DK-PM-MLP","17256","38.68","Igen"
"27","01",5," Stummer János","JOBBIK","4661","10.45",""
"28","01",5," Rónaszékiné Keresztes Monika Mária","FIDESZ-KDNP","16983","38.06",""
"29","01",5," Csiba Katalin Gyöngyvér","LMP","5348","11.99",""
"30","01",5," Varga Tibor László","JESZ","369","0.83",""
"31","01",6," Pál Tibor Gyula","MSZP-EGYÜTT-DK-PM-MLP","15437","36.96",""
"32","01",6," Cseh Rita","ÚDP","43","0.10",""
"33","01",6,"Dr. Suda Dezső József","SZOCIÁLDEMOKRATÁK","187","0.45",""
"34","01",6," Dúró Dóra","JOBBIK","5560","13.31",""
"35","01",6," Szilassy Gábor Cézár","JESZ","113","0.27",""
"36","01",6," Jakabfy Tamás","LMP","3474","8.32",""
"37","01",6," Makai Istvánné","KTI","122","0.29",""
"38","01",6," Hollós Péter Lóránt","ZÖLDEK","293","0.70",""
"39","01",6," Horváth Aladár","MCP","212","0.51",""
"40","01",6," Torma Zsolt","ÚMP","29","0.07",""
"41","01",6," Csorba Lajos","Független","323","0.77",""
"42","01",6,"Dr. Vas Imre","FIDESZ-KDNP","15977","38.25","Igen"
"43","01",7," Szekeres Péterné","SMS","331","0.62",""
"44","01",7," Hiszékeny Dezső","MSZP-EGYÜTT-DK-PM-MLP","27514","51.25","Igen"
"45","01",7," Jakab Gabriella","SEM","386","0.72",""
"46","01",7," Székely Mihály","JESZ","110","0.20",""
"47","01",7," Kern Tamás","SZOCIÁLDEMOKRATÁK","128","0.24",""
"48","01",7," Benke László","JOBBIK","4640","8.64",""
"49","01",7," Iváncsevits Gyula","MSZDP","45","0.08",""
"50","01",7,"Dr. Szalay Péter","FIDESZ-KDNP","16453","30.65",""
"51","01",7," Tóth Attila Pál","EP","62","0.12",""
"52","01",7," Póka Leila","ÖP","129","0.24",""
"53","01",7," Moldován László","LMP","3821","7.12",""
"54","01",7," Csík Tamás","MCP","67","0.12",""
"55","01",8," Tóth Csaba János","MSZP-EGYÜTT-DK-PM-MLP","21697","39.88","Igen"
"56","01",8," Láng Márta","KTI","474","0.87",""
"57","01",8,"Dr. Hajdu József Péter","MUNKÁSPÁRT","368","0.68",""
"58","01",8," Török Norbert Roland","JESZ","201","0.37",""
"59","01",8," Horváth András","ÉLŐLÁNC","1006","1.85",""
"60","01",8,"Dr. Papcsák Ferenc","FIDESZ-KDNP","19772","36.34",""
"61","01",8," Kovács Béla","JOBBIK","5924","10.89",""
"62","01",8," Barta János","LMP","4961","9.12",""
"63","01",9," Kállai Zsolt","ÚDP","32","0.06",""
"64","01",9," Tubák István","JOBBIK","6975","13.88",""
"65","01",9," Balogh István Lajos","MCP","33","0.07",""
"66","01",9," Tóth Balázs","LMP","3356","6.68",""
"67","01",9," Mata András","EU. ROM","20","0.04",""
"68","01",9," Varga István Tibor","JESZ","168","0.33",""
"69","01",9," Göncző Zoltán János","EGYÜTT 2014","286","0.57",""
"70","01",9,"Dr. György István","FIDESZ-KDNP","18851","37.51",""
"71","01",9," Kara Sándor","FKGP","100","0.20",""
"72","01",9," Mészárosné Rostás Katalin Márta","SMS","349","0.69",""
"73","01",9," Vass Zsigmond László","EP","138","0.27",""
"74","01",9," Kerezsi László","MUNKÁSPÁRT","389","0.77",""
"75","01",9," Burány Sándor","MSZP-EGYÜTT-DK-PM-MLP","19501","38.81","Igen"
"76","01",9," Kovács Julianna","MCF","26","0.05",""
"77","01",9," Jónás Lajos","ÚMP","26","0.05",""
"78","01",10," Kiss László","MSZP-EGYÜTT-DK-PM-MLP","19633","38.24","Igen"
"79","01",10," Póznik György Csaba","SZOCIÁLDEMOKRATÁK","309","0.60",""
"80","01",10," Száraz Dorottya","LMP","4593","8.95",""
"81","01",10," Zsiga-Kárpát Dániel Gábor","JOBBIK","6815","13.27",""
"82","01",10," Keszegné Menczer Erzsébet Livia","FIDESZ-KDNP","18394","35.82",""
"83","01",10," Balasi Ágnes","EGYÜTT 2014","443","0.86",""
"84","01",10," Fodor Judit","ÖP","182","0.35",""
"85","01",10," Pásztor János Pál","JESZ","149","0.29",""
"86","01",10," Kolozsváry István","A HAZA NEM ELADÓ","243","0.47",""
"87","01",10,"Dr. Brezovits László János","ZÖLDEK","585","1.14",""
"88","01",11," May Miklós","MKSZU","36","0.07",""
"89","01",11," Pajor Tibor","JOBBIK","6529","12.67",""
"90","01",11," Schiller László","SZOCIÁLDEMOKRATÁK","220","0.43",""
"91","01",11," Kiss Péter","MSZP-EGYÜTT-DK-PM-MLP","20956","40.67","Igen"
"92","01",11," Barna Mónika","A HAZA NEM ELADÓ","256","0.50",""
"93","01",11," Sedon Béla","SEM","378","0.73",""
"94","01",11," Horváth Péter Gábor","JESZ","121","0.23",""
"95","01",11,"Dr. Hollósi Antal Gábor","FIDESZ-KDNP","18181","35.28",""
"96","01",11," Rákosi Judit","LMP","3935","7.64",""
"97","01",11,"Dr. Horváth Ferenc","MCP","84","0.16",""
"98","01",11," Fehérvári Zsolt István","MUNKÁSPÁRT","350","0.68",""
"99","01",11," Fintorné Kassai Erika","SMS","309","0.60",""
"100","01",11," Kiss Erika","ÖP","178","0.35",""
"101","01",12," Makai Ferenc Mihály","KTI","213","0.42",""
"102","01",12," László Tamás","FIDESZ-KDNP","18955","37.75","Igen"
"103","01",12," Móricz Eszter","MSZP-EGYÜTT-DK-PM-MLP","18678","37.19",""
"104","01",12," Lakatosné László Beáta","ZÖLDEK","366","0.73",""
"105","01",12," Zala Miklós","SMS","332","0.66",""
"106","01",12,"Dr. Oláh Lajos","KISGAZDAPÁRT-MIÉP","168","0.33",""
"107","01",12," Kelemen Éva","JESZ","184","0.37",""
"108","01",12," Domán Attila","SZOCIÁLDEMOKRATÁK","278","0.55",""
"109","01",12," Szilvágyi László","LMP","3306","6.58",""
"110","01",12," Vörös János","A HAZA NEM ELADÓ","250","0.50",""
"111","01",12,"Dr. Gyenes Géza József","JOBBIK","7488","14.91",""
"112","01",13,"Dr. Salha Omár","4K!","252","0.49",""
"113","01",13," Karácsony Gergely Szilveszter","MSZP-EGYÜTT-DK-PM-MLP","19682","38.16",""
"114","01",13," Szatmáry Kristóf","FIDESZ-KDNP","21445","41.58","Igen"
"115","01",13," Hargitai István László","ÉLŐLÁNC","522","1.01",""
"116","01",13," Tóth László","JESZ","220","0.43",""
"117","01",13," Bognár Tibor Mihály","ÖP","195","0.38",""
"118","01",13," Csizmazia Ferenc István","SZOCIÁLDEMOKRATÁK","207","0.40",""
"119","01",13," Kredits Krisztina","JOBBIK","5850","11.34",""
"120","01",13," Mizsei László","LMP","3201","6.21",""
"121","01",14," Falus Zsolt Ferenc","KTI","333","0.64",""
"122","01",14," Lukoczki Károly","MSZP-EGYÜTT-DK-PM-MLP","17084","32.81",""
"123","01",14," Kriskó Áron","EGYÜTT 2014","386","0.74",""
"124","01",14," Keller Tibor Mihály","FKGP","110","0.21",""
"125","01",14," Dunai Mónika","FIDESZ-KDNP","22393","43.01","Igen"
"126","01",14," Zsichla Imre Gábor","SEM","319","0.61",""
"127","01",14," Paul Tamás","SZOCIÁLDEMOKRATÁK","190","0.36",""
"128","01",14," Magyar Márta","JESZ","232","0.45",""
"129","01",14," Szilágyi György","JOBBIK","7427","14.26",""
"130","01",14,"Dr. Schmuck Erzsébet","LMP","3395","6.52",""
"131","01",14," Éger Viktória Zsuzsanna","ÚDP","50","0.10",""
"132","01",14," Polgár Dániel Attila","ÚMP","38","0.07",""
"133","01",14," Diviki-Nagy Attila","ÉLŐLÁNC","113","0.22",""
"134","01",15," Kunhalmi Ágnes","MSZP-EGYÜTT-DK-PM-MLP","20592","37.49",""
"135","01",15," Mlinkó László Csaba","MRPP","54","0.10",""
"136","01",15," Gyimesi László","JESZ","174","0.32",""
"137","01",15," Szabó József","KTI","189","0.34",""
"138","01",15," Kassai Dániel","LMP","3448","6.28",""
"139","01",15," Tagyi Kristóf Tibor","SEM","319","0.58",""
"140","01",15," Alex Ágnes Kornélia","SZOCIÁLDEMOKRATÁK","128","0.23",""
"141","01",15," Balogh Istvánné","EGYÜTT 2014","197","0.36",""
"142","01",15," Mészáros Norbert","SMS","316","0.58",""
"143","01",15," Koltai Péterné","ÚMP","44","0.08",""
"144","01",15," Kucsák László","FIDESZ-KDNP","20648","37.60","Igen"
"145","01",15," Beszeda Anna","ÚDP","45","0.08",""
"146","01",15," Kostya Bánk László","SZDP","67","0.12",""
"147","01",15," Makai Tibor","JOBBIK","8493","15.46",""
"148","01",15," Kecskés D. Gusztáv","A VÁLASZ","155","0.28",""
"149","01",15," Várhegyi Csaba","MSZDP","52","0.09",""
"150","01",16,"Dr. Hiller István","MSZP-EGYÜTT-DK-PM-MLP","18507","38.37","Igen"
"151","01",16," Keresztesi Gyöngyi Julianna","EU. ROM","26","0.05",""
"152","01",16," Nándori Ferenc","JESZ","116","0.24",""
"153","01",16," Tokody Marcell Gergely","JOBBIK","7407","15.36",""
"154","01",16," Pálosi Attila","ÖP","140","0.29",""
"155","01",16," Fodorné Hamar Ildikó","EP","64","0.13",""
"156","01",16," Adamik Renátó Imre","NEMZETI ÉRDEKÉRT","25","0.05",""
"157","01",16," Földesi Gyula","FIDESZ-KDNP","17523","36.33",""
"158","01",16," Lakatos Attila","MCP","61","0.13",""
"159","01",16," Halmy Gergely","Független","543","1.13",""
"160","01",16," Alex Tamás","SZOCIÁLDEMOKRATÁK","190","0.39",""
"161","01",16," Fábián Ferenc","ÚMP","24","0.05",""
"162","01",16," Ferenczi István","LMP","2939","6.09",""
"163","01",16," Molnár Ferencné","SMS","295","0.61",""
"164","01",16," Schnabl Marianna","KTI","167","0.35",""
"165","01",16," Harmainé Szabó Éva","ÚDP","23","0.05",""
"166","01",16," Böszörményi Gábor","MSZDP","126","0.26",""
"167","01",16," Lakatos Edit","KMSZ","61","0.13",""
"168","01",17," Szarvas József","JESZ","119","0.23",""
"169","01",17," Perseg Imre","ÚMP","46","0.09",""
"170","01",17," Daróczi József","MCF","52","0.10",""
"171","01",17," Szaniszló-Bénus Benjamin","ÚDP","22","0.04",""
"172","01",17," Léhmann Viktor","JOBBIK","9076","17.78",""
"173","01",17," Németh Szilárd István","FIDESZ-KDNP","18120","35.50",""
"174","01",17," Barabás Gyöngyvér","ÖP","180","0.35",""
"175","01",17," Rózsa Gyula Attila","SZOCIÁLDEMOKRATÁK","165","0.32",""
"176","01",17," Blaskó András Zoltán","FKGP","96","0.19",""
"177","01",17,"Dr. Thürmer Gyula","MUNKÁSPÁRT","553","1.08",""
"178","01",17,"Dr. Gál András Tamás","EP","88","0.17",""
"179","01",17,"Dr. Vidákovics László","MSZDP","73","0.14",""
"180","01",17," Szedlacsek Enikő","SMS","384","0.75",""
"181","01",17," Kölbl Gábor","MRPP","53","0.10",""
"182","01",17," Kállai József","KTI","167","0.33",""
"183","01",17," Tenk András","LMP","3076","6.03",""
"184","01",17," Völgyesi Krisztián","4K!","159","0.31",""
"185","01",17," Zsell Pálné","NEMZETI ÉRDEKÉRT","44","0.09",""
"186","01",17,"Dr. Szabó Szabolcs","MSZP-EGYÜTT-DK-PM-MLP","18564","36.37","Igen"
"187","01",18," Varga Péter Miklósné","AQP","119","0.21",""
"188","01",18," Szántó Csaba","MRPP","14","0.03",""
"189","01",18," Bagdi Károly","JESZ","123","0.22",""
"190","01",18," Vadász Ferenc","SMS","286","0.51",""
"191","01",18," Freisz-Horváth Éva Margit","SZOCIÁLDEMOKRATÁK","229","0.41",""
"192","01",18," Kovács-Haász Veronika","ZÖLDEK","499","0.90",""
"193","01",18,"Dr. Staudt Gábor","JOBBIK","6784","12.18",""
"194","01",18," Somfai Ágnes","MSZP-EGYÜTT-DK-PM-MLP","20523","36.86",""
"195","01",18," Szabolcs Attila","FIDESZ-KDNP","23189","41.64","Igen"
"196","01",18," Köhler Ákos Tamás","KTI","179","0.32",""
"197","01",18," Gecsei-Tóth Andrea","LMP","3601","6.47",""
"198","01",18," Nagy Donát Boldizsár","FKGP","139","0.25",""
"199","02",1," Szaksz Tamás","SEM","306","0.60",""
"200","02",1," Szentes Richárd","Független","125","0.25",""
"201","02",1," Sárközi Lajos","Független","43","0.08",""
"202","02",1," Eckert Péter","SZAVA","48","0.09",""
"203","02",1," Török Edina","A HAZA NEM ELADÓ","505","1.00",""
"204","02",1," Erdélyi Sándor Mihály","SMS","238","0.47",""
"205","02",1,"Dr. Kóbor József","LMP","4489","8.85",""
"206","02",1," Juhász István","SZOCIÁLDEMOKRATÁK","233","0.46",""
"207","02",1," Tóth József","JESZ","179","0.35",""
"208","02",1," Németh Zsolt","JOBBIK","8379","16.53",""
"209","02",1," Csiszárné Nagy Erzsébet","TEMPO","70","0.14",""
"210","02",1," Csizi Péter","FIDESZ-KDNP","18855","37.19","Igen"
"211","02",1," Gyócsi Győző Roland","Független","74","0.15",""
"212","02",1,"Dr. Tóth Bertalan","MSZP-EGYÜTT-DK-PM-MLP","16706","32.95",""
"213","02",1," Ördög Margit Rozália","FKGP","124","0.24",""
"214","02",1," Barna László István","KTI","329","0.65",""
"215","02",2," Gyimesi Gábor Jenő","JOBBIK","9931","20.68",""
"216","02",2," Kiss Zoltán","MACSEP","38","0.08",""
"217","02",2,"Dr. Hoppál Péter Tamás","FIDESZ-KDNP","17413","36.27","Igen"
"218","02",2," Radányi Norbert","SEM","259","0.54",""
"219","02",2," Parádainé Jászfi Viktória","ÚDP","26","0.05",""
"220","02",2," Kittl János István","KTI","285","0.59",""
"221","02",2," Petrecz Veronika","ÚMP","35","0.07",""
"222","02",2,"Dr. Szakács László","MSZP-EGYÜTT-DK-PM-MLP","15334","31.94",""
"223","02",2," Héjjas Illés Gábor","JESZ","136","0.28",""
"224","02",2," Donáczi György János","FKGP","132","0.27",""
"225","02",2,"Dr. Keresztes László Lóránt","LMP","3650","7.60",""
"226","02",2," Gavri Edit","SZOCIÁLDEMOKRATÁK","216","0.45",""
"227","02",2," György Zoltán Imre","A HAZA NEM ELADÓ","459","0.96",""
"228","02",2," Sáfár Ferenc","ÖP","101","0.21",""
"229","02",3," Bertanicz Vilmos Györgyné","Független","484","1.12",""
"230","02",3," Kecskemétiné Gomán Emma Rozália","KMSZ","76","0.18",""
"231","02",3," László Judit","ÚMP","41","0.10",""
"232","02",3," Kovács István","ÚDP","37","0.09",""
"233","02",3," Loschán Ferenc","MSZP-EGYÜTT-DK-PM-MLP","8983","20.88",""
"234","02",3," Móricz Károly Antalné","SZOCIÁLDEMOKRATÁK","113","0.26",""
"235","02",3," Szőcs Norbert","JOBBIK","8137","18.91",""
"236","02",3," Mihálovics Ibolya","MCP","135","0.31",""
"237","02",3," Bíró Zsolt","KTI","247","0.57",""
"238","02",3," Hartweg Ildikó Anna","LMP","1890","4.39",""
"239","02",3," Széles Orsolya","SEM","190","0.44",""
"240","02",3," Schwarczkopf Róbert","SMS","145","0.34",""
"241","02",3," Horváth József","MUNKÁSPÁRT","332","0.77",""
"242","02",3," Dittrich Ferenc","JESZ","84","0.20",""
"243","02",3,"Dr. Hargitai János György","FIDESZ-KDNP","21625","50.26","Igen"
"244","02",3," Simonné Szép Ildikó","EU. ROM","30","0.07",""
"245","02",3," Zelei Pálné","TEMPO","30","0.07",""
"246","02",3," Szenes Zsolt","A HAZA NEM ELADÓ","368","0.86",""
"247","02",3," Takács Róbert","ÖP","76","0.18",""
"248","02",4," Nagy Attila","MSZP-EGYÜTT-DK-PM-MLP","12131","27.32",""
"249","02",4," Tari József","KTI","134","0.30",""
"250","02",4," Rémes Árpád Csaba","MGP","63","0.14",""
"251","02",4," Angyal Károly Tibor","LMP","1439","3.24",""
"252","02",4," Tomkó Miklós László","TEMPO","73","0.16",""
"253","02",4," Vadász Beáta","JESZ","173","0.39",""
"254","02",4," Dénes Árpád","ÚDP","7","0.02",""
"255","02",4," Császár Norbert","A HAZA NEM ELADÓ","359","0.81",""
"256","02",4," Pöttendi János","EURÓPAI BALOLDAL","117","0.26",""
"257","02",4," Tiffán Zsolt","FIDESZ-KDNP","19563","44.06","Igen"
"258","02",4," Rippert Zoltán","SZMP","40","0.09",""
"259","02",4," Palásti János","Független","139","0.31",""
"260","02",4," Fonád Gyula Sándor","ÚMP","10","0.02",""
"261","02",4," Balogh Zoltán Kálmán","SZOCIÁLDEMOKRATÁK","117","0.26",""
"262","02",4," Fazakas András","SEM","113","0.25",""
"263","02",4," Papp Csaba","HATMAP","51","0.11",""
"264","02",4," Zsolnai Péterné","KMSZ","49","0.11",""
"265","02",4," Mitrovics Olivér","MRPP","45","0.10",""
"266","02",4," Kulcsár Jánosné","ÖP","58","0.13",""
"267","02",4," Sós Miklósné","EGYIKSEM","71","0.16",""
"268","02",4," Dörömböző Gyula","MCP","170","0.38",""
"269","02",4," Vida Dezső Zoltán","JOBBIK","9081","20.45",""
"270","02",4," Szabó Tünde Andrea","MDU","25","0.06",""
"271","02",4," Orsós Zoltán","EU. ROM","39","0.09",""
"272","02",4," Barla-Szabó Zsolt Tamás","FKGP","220","0.50",""
"273","02",4," Mályi Lászlóné","SMS","114","0.26",""
"274","03",1," Sörös József","SMS","220","0.55",""
"275","03",1,"Dr. Salacz László","FIDESZ-KDNP","20558","51.34","Igen"
"276","03",1," Szarka Szilvia","ZÖLDEK","346","0.86",""
"277","03",1," Gyöngyösi Márton Balázs","JOBBIK","8204","20.49",""
"278","03",1," Orbán Gábor","SZOCIÁLDEMOKRATÁK","103","0.26",""
"279","03",1," Orbán Gyula","MACSEP","32","0.08",""
"280","03",1," Ruszkovics János","KTI","248","0.62",""
"281","03",1," Király József","MSZP-EGYÜTT-DK-PM-MLP","7899","19.73",""
"282","03",1," Borbély József","TEMPO","84","0.21",""
"283","03",1," Kriskó Dávid Gábor","LMP","2134","5.33",""
"284","03",1," Pintér Kálmán","MCP","99","0.25",""
"285","03",1," Palotai Gábor","ÖP","116","0.29",""
"286","03",2," Kohajda László István","ÉLŐLÁNC","333","0.77",""
"287","03",2," Ladányi György","TEMPO","80","0.19",""
"288","03",2," Oberna Zoltán","JOBBIK","7548","17.49",""
"289","03",2," Varga Kinga Mária","MSZDP","78","0.18",""
"290","03",2," Lédeczi László","SEM","219","0.51",""
"291","03",2," Mányi István","MACSEP","14","0.03",""
"292","03",2," Orbán Gyula","MCP","93","0.22",""
"293","03",2,"Dr. Vancsura István","JESZ","185","0.43",""
"294","03",2," Laskovics Diána","MSZP-EGYÜTT-DK-PM-MLP","9446","21.88",""
"295","03",2,"Dr. Zombor Gábor Zoltán","FIDESZ-KDNP","22303","51.67","Igen"
"296","03",2," Verebély András Pál","MGP","83","0.19",""
"297","03",2," Papp Jánosné","KTI","138","0.32",""
"298","03",2," Falusi Norbert","LMP","2295","5.32",""
"299","03",2," Lovas Ildikó Éva","A HAZA NEM ELADÓ","347","0.80",""
"300","03",3," Suhajda Krisztián","JOBBIK","9397","22.93",""
"301","03",3," Sztojka Mariann","MCF","48","0.12",""
"302","03",3," Harkai Péterné","TEMPO","61","0.15",""
"303","03",3," Kindl László","ÚDP","23","0.06",""
"304","03",3," Font Sándor","FIDESZ-KDNP","20833","50.84","Igen"
"305","03",3," Kiss János","MDU","36","0.09",""
"306","03",3," Üsztöke László","Független","159","0.39",""
"307","03",3," Kissné Simonics Gabriella","HATMAP","23","0.06",""
"308","03",3," Tóth József","KTI","157","0.38",""
"309","03",3," Müller János Sándor","EGYÜTT 2014","186","0.45",""
"310","03",3," Makádi Balázs","LMP","1457","3.56",""
"311","03",3," Szalai Ferencné","REND, SZABADSÁG","30","0.07",""
"312","03",3," Oláh Zsoltné","MCP","48","0.12",""
"313","03",3," Niedermüller Péter","MSZP-EGYÜTT-DK-PM-MLP","8321","20.31",""
"314","03",3," Bakó Tamás","ÚMP","28","0.07",""
"315","03",3," Korsós Ádám János","MACSEP","25","0.06",""
"316","03",3," Kollinger Attila","SZOCIÁLDEMOKRATÁK","144","0.35",""
"317","03",4," Kiss Kálmán Tibor","LMP","1387","3.42",""
"318","03",4," Horváth Ferenc Antalné","KTI","181","0.45",""
"319","03",4," Rostás Sarolta","EGYÜTT 2014","88","0.22",""
"320","03",4," Ráska Ferenc János","HATMAP","23","0.06",""
"321","03",4,"Dr. Garai István Levente","MSZP-EGYÜTT-DK-PM-MLP","7452","18.37",""
"322","03",4," Vályi Bettina","MDU","34","0.08",""
"323","03",4,"Dr. Réczi László","SMS","493","1.22",""
"324","03",4," Bálint Gyula","REND, SZABADSÁG","20","0.05",""
"325","03",4," Kolompár Attila","MACSEP","10","0.02",""
"326","03",4," Szabó Bettina","ÚMP","60","0.15",""
"327","03",4," Kollár László","JOBBIK","8666","21.37",""
"328","03",4,"Dr. Patai Antal","SZOCIÁLDEMOKRATÁK","175","0.43",""
"329","03",4," Somodi Milán","JESZ","203","0.50",""
"330","03",4," Lezsák Sándor István","FIDESZ-KDNP","21634","53.34","Igen"
"331","03",4," Kutalik Tamás","ÖP","133","0.33",""
"332","03",5," Balázs Beáta","EGYÜTT 2014","125","0.32",""
"333","03",5," Farkas Gergely","JOBBIK","9659","24.47",""
"334","03",5," Logó Ilona Rita","MACSEP","24","0.06",""
"335","03",5," Bányai Gábor Elemér","FIDESZ-KDNP","20228","51.25","Igen"
"336","03",5," Török Zsolt Bernát","MSZP-EGYÜTT-DK-PM-MLP","7297","18.49",""
"337","03",5," Karancsi Tibor József","SZOCIÁLDEMOKRATÁK","90","0.23",""
"338","03",5," Sárosi Albert János","ÚDP","26","0.07",""
"339","03",5," Sinka Antal","MGP","56","0.14",""
"340","03",5," Gyovai István","KTI","741","1.88",""
"341","03",5," Kállai István Zsolt","SEM","88","0.22",""
"342","03",5," Lapos Péter","LMP","913","2.31",""
"343","03",5," Tajti Katalin","TEMPO","47","0.12",""
"344","03",5," Uray Erzsébet","Független","172","0.44",""
"345","03",6," Zsigó Róbert Vilmos","FIDESZ-KDNP","19286","49.66","Igen"
"346","03",6," Bálint Hajnalka","MAJP","58","0.15",""
"347","03",6," Mészáros István","JOBBIK","6792","17.49",""
"348","03",6," Teket Melinda","MSZP-EGYÜTT-DK-PM-MLP","9954","25.63",""
"349","03",6," Krizsák Péter","MCF","15","0.04",""
"350","03",6," Radics Istvánné","SZOCIÁLDEMOKRATÁK","74","0.19",""
"351","03",6," Ikotity István","LMP","1835","4.72",""
"352","03",6," Pekli Edit","SMS","117","0.30",""
"353","03",6," Papp László","MKSZU","33","0.08",""
"354","03",6," Czöndör Gyula","KTI","108","0.28",""
"355","03",6," Gyulánszki István","MGP","41","0.11",""
"356","03",6," Atyánszky György Ernő","JESZ","125","0.32",""
"357","03",6," Kalapos Mária","MUNKÁSPÁRT","245","0.63",""
"358","03",6," Kolozsvári Julianna","TEMPO","129","0.33",""
"359","03",6," Bogdán József","MACSEP","26","0.07",""
"360","04",1," Fischer Attila","ÖP","147","0.33",""
"361","04",1," Bánhegyi József","MUNKÁSPÁRT","433","0.97",""
"362","04",1," Takács Péter","LMP","2678","5.99",""
"363","04",1," Gazsó Mátyás","SEM","279","0.62",""
"364","04",1," Bencsik Pál","JESZ","121","0.27",""
"365","04",1," Kürti Magdolna","MACSEP","21","0.05",""
"366","04",1," Szegedi Éva","ÚDP","51","0.11",""
"367","04",1," Kovács Sabrina","SZOCIÁLDEMOKRATÁK","86","0.19",""
"368","04",1," Varga Györgyné","SMS","275","0.62",""
"369","04",1," Farkas Gábor","A HAZA NEM ELADÓ","709","1.59",""
"370","04",1," Miklós Attila Zsolt","MSZP-EGYÜTT-DK-PM-MLP","12161","27.22",""
"371","04",1," Nagy Zsolt","ÚMP","33","0.07",""
"372","04",1,"Dr. Dévényi-Dabrowsky Géza Dániel","JOBBIK","9273","20.76",""
"373","04",1," Vantara Gyula","FIDESZ-KDNP","18364","41.10","Igen"
"374","04",1," Szaszák Péter","NEMZETI ÉRDEKÉRT","45","0.10",""
"375","04",2," Rádai Alex","SZOCIÁLDEMOKRATÁK","178","0.43",""
"376","04",2," Rejtő József","MSZP-EGYÜTT-DK-PM-MLP","7925","19.00",""
"377","04",2," Ásós Tibor","MACSEP","88","0.21",""
"378","04",2," Varga Sándor","MSZDP","99","0.24",""
"379","04",2," Dankó Béla","FIDESZ-KDNP","19942","47.80","Igen"
"380","04",2," Mészáros Gina Ildikó","ÚMP","69","0.17",""
"381","04",2," Urbancsok Istvánné","KTI","182","0.44",""
"382","04",2," Rigler Miklós","LMP","1576","3.78",""
"383","04",2," Kun Éva","NEMZETI ÉRDEKÉRT","59","0.14",""
"384","04",2," Borzáné Uram Ildikó","A HAZA NEM ELADÓ","534","1.28",""
"385","04",2," Ungvári Imre","ÚDP","19","0.05",""
"386","04",2," Jakab József","ÖP","90","0.22",""
"387","04",2," Samu Tamás Gergő","JOBBIK","10958","26.27",""
"388","04",3," Papp Anikó","Független","654","1.59",""
"389","04",3," Bod Tamás","MSZP-EGYÜTT-DK-PM-MLP","9378","22.74",""
"390","04",3," Sajtos László","MCP","46","0.11",""
"391","04",3," Szivos Lajos Zoltánné","MKSZU","24","0.06",""
"392","04",3," Beregszászi Lili","SEM","118","0.29",""
"393","04",3,"Dr. Kovács József Dezső","FIDESZ-KDNP","19315","46.83","Igen"
"394","04",3," Kempf-Bereczki Mária","ÚDP","10","0.02",""
"395","04",3," Földi Mihály István","LMP","1101","2.67",""
"396","04",3," Kásler Árpád","A HAZA NEM ELADÓ","2357","5.71",""
"397","04",3," Varga Géza István","JOBBIK","7579","18.38",""
"398","04",3," Fazekas Gáborné","ÚMP","24","0.06",""
"399","04",3," Gémes László","MACSEP","23","0.06",""
"400","04",3," Dinya Gábor Balázs","NEMZETI ÉRDEKÉRT","13","0.03",""
"401","04",3," Bagó Anita","ÖP","43","0.10",""
"402","04",3," Leelőssy Éva","SMS","135","0.33",""
"403","04",3," Szőke János","MUNKÁSPÁRT","423","1.03",""
"404","04",4," Nagy Gábor","LMP","1487","3.25",""
"405","04",4," Simonka György","FIDESZ-KDNP","20789","45.39","Igen"
"406","04",4," Jámbor Nándor","JOBBIK","10403","22.71",""
"407","04",4," Faragó Attila István","SZOCIÁLDEMOKRATÁK","51","0.11",""
"408","04",4," Balogh Csaba","MCP","108","0.24",""
"409","04",4," Gombosné Bárdos Gabriella Éva","HATMAP","28","0.06",""
"410","04",4," Mák Beáta","SZDP","127","0.28",""
"411","04",4," Nemes Miklós","MDU","25","0.05",""
"412","04",4," Horváth Marianna","Független","180","0.39",""
"413","04",4," Hegedűsné Bányai Ildikó","ÖP","61","0.13",""
"414","04",4," Krisán László","ÚMP","22","0.05",""
"415","04",4," Mezei János","MACSEP","28","0.06",""
"416","04",4," Gál Ferenc","MUNKÁSPÁRT","657","1.43",""
"417","04",4," Balogh Mónika","MCF","10","0.02",""
"418","04",4," Varga Zoltán","MSZP-EGYÜTT-DK-PM-MLP","10738","23.44",""
"419","04",4,"Dr. Kincses István András","SMS","341","0.74",""
"420","04",4," Révész Géza","REND, SZABADSÁG","31","0.07",""
"421","04",4," Szabó Attila","EGYÜTT 2014","93","0.20",""
"422","04",4," Berki János","A HAZA NEM ELADÓ","598","1.31",""
"423","04",4," Kempf András","ÚDP","28","0.06",""
"424","05",1," Janó Elemér","EGYÜTT 2014","182","0.37",""
"425","05",1," Lovrity István","ZÖLDEK","298","0.60",""
"426","05",1," Badány Lajos","JOBBIK","15050","30.53",""
"427","05",1," Csetfalvi Attila","TBP","18","0.04",""
"428","05",1," Simon László","ÖP","117","0.24",""
"429","05",1," Király Zsolt Ferenc","REND PÁRT","12","0.02",""
"430","05",1," Bencze Csaba","SEM","208","0.42",""
"431","05",1," Orosz Imre Tibor","MUNKÁSPÁRT","338","0.69",""
"432","05",1," Csöbör Katalin","FIDESZ-KDNP","16602","33.68","Igen"
"433","05",1," Bárcziné Galambos Enikő","FKGP","68","0.14",""
"434","05",1," Gáspár Ferenc","ÚDP","15","0.03",""
"435","05",1," Fintorné Barkó Anita","SZOCIÁLDEMOKRATÁK","106","0.22",""
"436","05",1," Horváth Dániel","MRPP","4","0.01",""
"437","05",1," Gulyás Gyula","MCP","285","0.58",""
"438","05",1," Nagy-Korsa Judit Anna","MSZP-EGYÜTT-DK-PM-MLP","14072","28.55",""
"439","05",1," Emődi Zoltán","LMP","1624","3.29",""
"440","05",1," Kiss Gáborné","A HAZA NEM ELADÓ","259","0.53",""
"441","05",1," Gáspár Ferenc","ÚMP","33","0.07",""
"442","05",2," Fülöp József Istvánné","MUNKÁSPÁRT","329","0.70",""
"443","05",2," Mile Lajos","LMP","1555","3.30",""
"444","05",2," Vékony Mária","SZOCIÁLDEMOKRATÁK","120","0.25",""
"445","05",2," Tóth Árpád","SEM","165","0.35",""
"446","05",2," Tamás János","MDU","83","0.18",""
"447","05",2," Botos Ferenc","MCP","334","0.71",""
"448","05",2,"Dr. Varga László","MSZP-EGYÜTT-DK-PM-MLP","14798","31.39","Igen"
"449","05",2," Rivnyák Tibor","FKGP","58","0.12",""
"450","05",2," Szakos Zoltán","ÖP","120","0.25",""
"451","05",2," Mach Kornél","MRPP","3","0.01",""
"452","05",2," Iváncsó Zsolt","A HAZA NEM ELADÓ","255","0.54",""
"453","05",2," Pakusza Zoltán","JOBBIK","14425","30.60",""
"454","05",2," Sebestyén László","FIDESZ-KDNP","14560","30.89",""
"455","05",2," Szabóné Füle Márta","ZÖLDEK","335","0.71",""
"456","05",3," Kisgergely András","Nemzeti Forr.Párt","248","0.61",""
"457","05",3," Andrássy Dénes Károly","A HAZA NEM ELADÓ","133","0.32",""
"458","05",3," Rézműves Anikó","SMS","125","0.31",""
"459","05",3," Harkály Csaba","MCP","350","0.85",""
"460","05",3," Egyed Zsolt","JOBBIK","12148","29.64",""
"461","05",3," Forray Zsolt","SEM","80","0.20",""
"462","05",3," Császár Antal László","Független","124","0.30",""
"463","05",3," Greskovits István","FKGP","230","0.56",""
"464","05",3," Orliczki Sándor József","SZDP","103","0.25",""
"465","05",3," Nyakó István","MSZP-EGYÜTT-DK-PM-MLP","10146","24.76",""
"466","05",3," Szilágyi Imre","LMP","612","1.49",""
"467","05",3," Riz Gábor","FIDESZ-KDNP","15473","37.76","Igen"
"468","05",3," Tóth Melinda Anna","JESZ","133","0.32",""
"469","05",3," Vágó Lajos Béla","KTI","46","0.11",""
"470","05",3," Lázi Csaba","ÚDP","18","0.04",""
"471","05",3," Gömöri András","ÚMP","13","0.03",""
"472","05",3," Siroki Zsolt","EGYÜTT 2014","183","0.45",""
"473","05",3," Kónya Béla","MUNKÁSPÁRT","474","1.16",""
"474","05",3," Gál József","SZOCIÁLDEMOKRATÁK","341","0.83",""
"475","05",4," Gulyás Pál","LMP","859","1.91",""
"476","05",4," Kovács Imre József","SZOCIÁLDEMOKRATÁK","92","0.20",""
"477","05",4," Kalanovicsné Fábus Éva Zsuzsanna","SMS","227","0.50",""
"478","05",4," Kardos Mihály","MUNKÁSPÁRT","361","0.80",""
"479","05",4," Tiszaváry Fanni","SEM","86","0.19",""
"480","05",4," Orgona Ágnes","SZEM-NŐPÁRT","49","0.11",""
"481","05",4," Klimon István","MSZP-EGYÜTT-DK-PM-MLP","12563","27.95",""
"482","05",4," Miklós Árpád","JOBBIK","12500","27.81",""
"483","05",4," Bódis Zsolt Ferenc","ÖP","61","0.14",""
"484","05",4," Lakatos Krisztián","MCP","538","1.20",""
"485","05",4," Hafenscher Balázs","ÚMP","8","0.02",""
"486","05",4," Soltész Imre István","KISGAZDAPÁRT-MIÉP","91","0.20",""
"487","05",4," Zsiros László","JESZ","240","0.53",""
"488","05",4," Demeter Zoltán","FIDESZ-KDNP","16696","37.14","Igen"
"489","05",4," Ormós László","MDU","88","0.20",""
"490","05",4," Tóth Istvánné","FKGP","43","0.10",""
"491","05",4," Bezsilla Zoltán","TBP","66","0.15",""
"492","05",4," Mata Szabolcs","EGYÜTT 2014","89","0.20",""
"493","05",4," Frank Tibor","A HAZA NEM ELADÓ","160","0.36",""
"494","05",4," Balogh Izabella Margit","ÚDP","13","0.03",""
"495","05",4," Guba Csabáné","KTI","122","0.27",""
"496","05",5," Mata Szilárd","A VÁLASZ","84","0.19",""
"497","05",5," Pasztorniczky István","JOBBIK","11561","26.40",""
"498","05",5,"Dr. Tóth István","LMP","1045","2.39",""
"499","05",5," Musa Károly Rudolf","ÚDP","15","0.03",""
"500","05",5," Lakatos Tibor","MCP","490","1.12",""
"501","05",5," Vécsi István","MSZP-EGYÜTT-DK-PM-MLP","9566","21.85",""
"502","05",5," Horváth András","SZOCIÁLDEMOKRATÁK","260","0.59",""
"503","05",5," Mizsik Diána","FKGP","161","0.37",""
"504","05",5,"Dr. Hörcsik Richárd","FIDESZ-KDNP","19932","45.52","Igen"
"505","05",5," Mata Szabolcsné","EGYÜTT 2014","88","0.20",""
"506","05",5," Orsovai János","A HAZA NEM ELADÓ","153","0.35",""
"507","05",5," Gervai Valter","ÖP","66","0.15",""
"508","05",5," Laczkó Gyula","EU. ROM","23","0.05",""
"509","05",5," Horváth Krisztián","JESZ","170","0.39",""
"510","05",5," Mata Szabolcs","ÚMP","27","0.06",""
"511","05",5," Pázmándi János","SMS","147","0.34",""
"512","05",6," Kulin Beáta","SZOCIÁLDEMOKRATÁK","106","0.22",""
"513","05",6," Budai Katalin","EGYÜTT 2014","153","0.32",""
"514","05",6," Lázi Zoltán","MCP","267","0.56",""
"515","05",6," Bancsók Zsolt","MACSEP","56","0.12",""
"516","05",6," Kovács-Buna János","SEM","136","0.29",""
"517","05",6,"Dr. Török Pál","FKGP","193","0.41",""
"518","05",6,"Dr. Tarnai Gábor Elemér","LMP","1211","2.56",""
"519","05",6,"Dr. Mengyi Roland","FIDESZ-KDNP","19149","40.43","Igen"
"520","05",6," Pap Zsolt","MSZP-EGYÜTT-DK-PM-MLP","11133","23.51",""
"521","05",6," Németi Ilona","A HAZA NEM ELADÓ","201","0.42",""
"522","05",6," Holcman László","Nemzeti Forr.Párt","150","0.32",""
"523","05",6,"Dr. Váli Zoltán","MUNKÁSPÁRT","343","0.72",""
"524","05",6," Kemény Endre","JESZ","92","0.19",""
"525","05",6," Balla Gergő","JOBBIK","14009","29.58",""
"526","05",6," Csengő Szabolcs","ÖP","101","0.21",""
"527","05",6," Budai Mária","ÚMP","22","0.05",""
"528","05",6," Horváth Zoltán","ÚDP","40","0.08",""
"529","05",7," Bordás Géza","MCP","454","0.97",""
"530","05",7," Kovács Viktorné","EP","34","0.07",""
"531","05",7," Tállai András László","FIDESZ-KDNP","22124","47.20","Igen"
"532","05",7," Baróczi Péter Imre","ÖP","65","0.14",""
"533","05",7," Szabó Sándor","SMS","163","0.35",""
"534","05",7," Juhász Csaba","SZDP","102","0.22",""
"535","05",7," Gaszner Róbert László","FKGP","91","0.19",""
"536","05",7," Nagy Lajos","A HAZA NEM ELADÓ","245","0.52",""
"537","05",7," Nyeste László","MSZP-EGYÜTT-DK-PM-MLP","8894","18.97",""
"538","05",7," Vajda Béla","LMP","917","1.96",""
"539","05",7,"Dr. Szücs Lajos","MUNKÁSPÁRT","353","0.75",""
"540","05",7,"Dr. Bóta Mihály","JOBBIK","12829","27.37",""
"541","05",7," Tóth Ferenc","JESZ","50","0.11",""
"542","05",7," Simkó István Tamás","SZOCIÁLDEMOKRATÁK","88","0.19",""
"543","05",7," Tokár Andrásné","ZÖLDEK","152","0.32",""
"544","05",7," Herczegh Józsefné","EGYÜTT 2014","68","0.15",""
"545","05",7," Ritter Diána","SEM","74","0.16",""
"546","05",7," Nagy Attila","TBP","23","0.05",""
"547","05",7," Vass József","KISGAZDAPÁRT-MIÉP","151","0.32",""
"548","06",1,"Dr. Bohács Zsolt József","FIDESZ-KDNP","17346","33.98",""
"549","06",1," Czeróczki Zoltán","MGP","86","0.17",""
"550","06",1," Kozák Dávid","MCP","61","0.12",""
"551","06",1," Rácz Tibor","JOBBIK","7463","14.62",""
"552","06",1," Frank-Csipak Csaba István","MCF","15","0.03",""
"553","06",1," Király Renáta","EGYÜTT 2014","358","0.70",""
"554","06",1," Faragó Bence","ÚDP","43","0.08",""
"555","06",1," Tóth István József","FKGP","205","0.40",""
"556","06",1,"Dr. Gyovai Ferenc","NEMZETI ÉRDEKÉRT","55","0.11",""
"557","06",1," Szabó Sándor","MSZP-EGYÜTT-DK-PM-MLP","20131","39.43","Igen"
"558","06",1," Nagy István","MDU","34","0.07",""
"559","06",1," Mészáros Zoltán Miklósné","SZOCIÁLDEMOKRATÁK","129","0.25",""
"560","06",1," Török Tamás","ZÖLDEK","409","0.80",""
"561","06",1," Tóth Tibor","A HAZA NEM ELADÓ","390","0.76",""
"562","06",1," Németh István","KTI","141","0.28",""
"563","06",1," Tanács Eszter","LMP","3956","7.75",""
"564","06",1," Dudás Róbert","4K!","227","0.44",""
"565","06",2," Némethné Bátyai Edina Beáta","MSZP-EGYÜTT-DK-PM-MLP","16952","32.08",""
"566","06",2," Asztalos Károlyné","A HAZA NEM ELADÓ","435","0.82",""
"567","06",2," Tóth Péter","JOBBIK","8160","15.44",""
"568","06",2," Tari János","EP","252","0.48",""
"569","06",2," Ördög István","MDU","130","0.25",""
"570","06",2," Tatár Gábor","LMP","3475","6.58",""
"571","06",2," Farkasné Kismárton Éva","MGP","269","0.51",""
"572","06",2," B Nagy László","FIDESZ-KDNP","23171","43.85","Igen"
"573","06",3," Dudás Zoltán Sándor","JOBBIK","11610","24.27",""
"574","06",3," Köröndi Máté","Független","667","1.39",""
"575","06",3," Kordás Adrienn","MCP","59","0.12",""
"576","06",3," Kasler Sándor","A HAZA NEM ELADÓ","542","1.13",""
"577","06",3," Rácz József","ZÖLDEK","318","0.66",""
"578","06",3," Gurdon Lajos","LMP","1794","3.75",""
"579","06",3," Farkas Sándor","FIDESZ-KDNP","21911","45.80","Igen"
"580","06",3," Majdanics János","FKGP","149","0.31",""
"581","06",3,"Dr. Komáromi Zoltán Pál","MSZP-EGYÜTT-DK-PM-MLP","10201","21.32",""
"582","06",3," Csenki Mihály","SMS","594","1.24",""
"583","06",4," Nagy-Bandó András","LMP","3312","6.94",""
"584","06",4," Gera Katalin","ZÖLDEK","259","0.54",""
"585","06",4," Surányi Vivien","MUNKÁSPÁRT","462","0.97",""
"586","06",4," Havránek Ferenc","EURÓPAI BALOLDAL","273","0.57",""
"587","06",4,"Dr. Lázár János","FIDESZ-KDNP","20792","43.57","Igen"
"588","06",4," Kovács László","SZOCIÁLDEMOKRATÁK","174","0.36",""
"589","06",4,"Dr. Kiss Attila","JOBBIK","11824","24.78",""
"590","06",4," Novák Szabolcs Ákos","FKGP","72","0.15",""
"591","06",4," Tóth Ernő","KISGAZDAPÁRT-MIÉP","97","0.20",""
"592","06",4," Nagy Attila","Független","505","1.06",""
"593","06",4," Csőköly Sándor","MGP","172","0.36",""
"594","06",4," Kovács Irén Judit","KTI","148","0.31",""
"595","06",4," Varga Péter","MSZP-EGYÜTT-DK-PM-MLP","9323","19.54",""
"596","06",4," Muzsla Jánosné","A HAZA NEM ELADÓ","303","0.64",""
"597","07",1," Németh Erik","ÚDP","49","0.11",""
"598","07",1," Óber László","KTI","253","0.57",""
"599","07",1,"Dr. Mező Balázs Béla","JOBBIK","7450","16.81",""
"600","07",1," Bialkó László Gergő","LMP","2725","6.15",""
"601","07",1,"Dr. Márton Roland","MSZP-EGYÜTT-DK-PM-MLP","13407","30.25",""
"602","07",1,"Dr. Németh Zsanett","MNP","37","0.08",""
"603","07",1," Juhász Gyuláné","JESZ","231","0.52",""
"604","07",1," Lakatos Gabriella","MCP","75","0.17",""
"605","07",1," Vargha Tamás János","FIDESZ-KDNP","19602","44.22","Igen"
"606","07",1," Pasa Gabriella","SZOCIÁLDEMOKRATÁK","211","0.48",""
"607","07",1," Bálint Zoltán László","A HAZA NEM ELADÓ","285","0.64",""
"608","07",2," Mátrai Csaba","SMS","699","1.58",""
"609","07",2," Herczog Edit","MSZP-EGYÜTT-DK-PM-MLP","8415","19.04",""
"610","07",2," Szebek Mihály István","KTI","159","0.36",""
"611","07",2," Huszti Józsefné","EGYÜTT 2014","174","0.39",""
"612","07",2," Pap Kornélia","JESZ","189","0.43",""
"613","07",2," Abházi Ernő","MCF","73","0.17",""
"614","07",2," Fazakas Attila Levente","JOBBIK","9668","21.88",""
"615","07",2," Kovács Lili","ZÖLDEK","499","1.13",""
"616","07",2," Kalmár András","LMP","1944","4.40",""
"617","07",2," Kovács Tamás","MCP","25","0.06",""
"618","07",2," Törő Gábor","FIDESZ-KDNP","22177","50.18","Igen"
"619","07",2," Vékony János","SZOCIÁLDEMOKRATÁK","170","0.38",""
"620","07",3," Varga György","LMP","2677","5.98",""
"621","07",3," Gáspár Kornél Dániel","JOBBIK","8021","17.92",""
"622","07",3,"Dr. Molnos Levente Lóránt","FKGP","345","0.77",""
"623","07",3," Horváth András Tibor","MSZP-EGYÜTT-DK-PM-MLP","9534","21.30",""
"624","07",3," Tessely Zoltán Károly","FIDESZ-KDNP","22571","50.43","Igen"
"625","07",3,"Dr. Bednár András Tibor","SZOCIÁLDEMOKRATÁK","106","0.24",""
"626","07",3," Bódi Tibor","SMS","233","0.52",""
"627","07",3," Birtalan József","KTI","159","0.36",""
"628","07",3," Veres Péter","MUNKÁSPÁRT","337","0.75",""
"629","07",3," Papp László","SEM","232","0.52",""
"630","07",3," Huszti Lajos","EGYÜTT 2014","204","0.46",""
"631","07",3," Pilz István Gábor","ÚMP","15","0.03",""
"632","07",3," Paksi Imre","MGP","150","0.34",""
"633","07",3," Borsos Sándor Ákos","JESZ","136","0.30",""
"634","07",3," Bogdán János","MCF","39","0.09",""
"635","07",4," Szabó Sándor","KTI","103","0.25",""
"636","07",4," Dedecsik Ferenc","FKGP","234","0.57",""
"637","07",4," Szántó Gábor","NEMZETI ÉRDEKÉRT","44","0.11",""
"638","07",4," Orha Zoltán Béla","SZOCIÁLDEMOKRATÁK","205","0.50",""
"639","07",4," Szarvas Dénes","ÚMP","22","0.05",""
"640","07",4," Filus Györgyi","SZEM-NŐPÁRT","131","0.32",""
"641","07",4," Pintér Tamás","JOBBIK","10422","25.22",""
"642","07",4," Szalai Balázs","SEM","202","0.49",""
"643","07",4," Hermann Henrik","SMS","949","2.30",""
"644","07",4," Subecz Tamás","EGYÜTT 2014","209","0.51",""
"645","07",4,"Dr. Galambos Dénes","FIDESZ-KDNP","14826","35.88","Igen"
"646","07",4," Magyar András Tamás","MSZP-EGYÜTT-DK-PM-MLP","12128","29.35",""
"647","07",4," Szeibert Márton","AQP","34","0.08",""
"648","07",4," Illéssy István","LMP","1811","4.38",""
"649","07",5," Árgyelán János","JOBBIK","10926","29.61",""
"650","07",5," Varga Andrea","EU. ROM","56","0.15",""
"651","07",5," Gottloz Tibor","Független","298","0.81",""
"652","07",5," Poprócsi Hunor Botond","ÖP","51","0.14",""
"653","07",5," Berényi Béla","MUNKÁSPÁRT","270","0.73",""
"654","07",5," Ecsődi László József","MSZP-EGYÜTT-DK-PM-MLP","5781","15.67",""
"655","07",5," Varga Gábor","FIDESZ-KDNP","17576","47.63","Igen"
"656","07",5," Majláth László","MCP","80","0.22",""
"657","07",5," Ács Sándor Józsefné","ÉLŐLÁNC","464","1.26",""
"658","07",5," Márton Andrea","KTI","98","0.27",""
"659","07",5," Deák József Zoltán","SZOCIÁLDEMOKRATÁK","48","0.13",""
"660","07",5," Szatmári Ildikó","LMP","942","2.55",""
"661","07",5," Németh Istvánné","EGYÜTT 2014","139","0.38",""
"662","07",5," Pál József","EP","33","0.09",""
"663","07",5," Szabó Ferenc","JESZ","75","0.20",""
"664","07",5," Debreceni Péter","ÚMP","40","0.11",""
"665","07",5," Pável Ágnes","AQP","21","0.06",""
"666","08",1," Németh Sándor","ÚMP","33","0.07",""
"667","08",1," Remetei Tamás","JESZ","235","0.53",""
"668","08",1," Szalay András","ÚDP","40","0.09",""
"669","08",1," Tempfliné Szabó Viktória","ÖP","158","0.36",""
"670","08",1," Simon Róbert Balázs","FIDESZ-KDNP","21560","48.76","Igen"
"671","08",1," Fodor Roland Alexander","JOBBIK","6364","14.39",""
"672","08",1," Molnár Zsolt","KTI","130","0.29",""
"673","08",1," Madarász Zsuzsanna","LMP","2468","5.58",""
"674","08",1," Milkovics Attila","MUNKÁSPÁRT","191","0.43",""
"675","08",1," Fábián György Zoltán","MSZP-EGYÜTT-DK-PM-MLP","12893","29.16",""
"676","08",1," Sali Csaba","SZOCIÁLDEMOKRATÁK","144","0.33",""
"677","08",2," Takács Krisztián","JOBBIK","7714","17.33",""
"678","08",2," Tánczos Ádám Péter","ÚMP","59","0.13",""
"679","08",2," Kara Ákos","FIDESZ-KDNP","24593","55.25","Igen"
"680","08",2," Takács András","SZOCIÁLDEMOKRATÁK","179","0.40",""
"681","08",2," Glázer Tímea","MSZP-EGYÜTT-DK-PM-MLP","9278","20.84",""
"682","08",2," Jenei Ferenc","LMP","2089","4.69",""
"683","08",2," Szenftner László","SMS","314","0.71",""
"684","08",2," Jámbor Zoltán","JESZ","288","0.65",""
"685","08",3," Kránitz László","MSZP-EGYÜTT-DK-PM-MLP","7005","16.69",""
"686","08",3," Szakács Gyula","LMP","1268","3.02",""
"687","08",3," Sándli Zsolt","JESZ","108","0.26",""
"688","08",3," Gyopáros Alpár Ádám","FIDESZ-KDNP","24707","58.85","Igen"
"689","08",3," Papp Péter","ÚDP","58","0.14",""
"690","08",3," Kovács Krisztián","EGYÜTT 2014","153","0.36",""
"691","08",3," Mersich Dániel","ÚMP","40","0.10",""
"692","08",3," Fodor Zoltánné","KISGAZDAPÁRT-MIÉP","166","0.40",""
"693","08",3," Magyar Zoltán","JOBBIK","8478","20.19",""
"694","08",4," Fendrik Attila","ÚDP","75","0.15",""
"695","08",4," Szendi Krisztián","SZOCIÁLDEMOKRATÁK","109","0.22",""
"696","08",4," Bebesi József Lajos","LMP","3097","6.34",""
"697","08",4," Szakonyi Imre István","SMS","555","1.14",""
"698","08",4," Kovács Martin Tamás","ÚMP","72","0.15",""
"699","08",4," Kalmár István","MSZP-EGYÜTT-DK-PM-MLP","11601","23.76",""
"700","08",4," Belákovics András","JESZ","315","0.65",""
"701","08",4," Brand Tara","SZDP","133","0.27",""
"702","08",4," Firtl Mátyás Sándor","FIDESZ-KDNP","24698","50.58","Igen"
"703","08",4," Gőbl Gábor","JOBBIK","8178","16.75",""
"704","08",5," Hutkai Anna","ÖP","183","0.41",""
"705","08",5,"Dr. Nagy István","FIDESZ-KDNP","22460","50.38","Igen"
"706","08",5," Virág Mihályné","KMSZ","70","0.16",""
"707","08",5," Nagy Attila Zoltán","SMS","311","0.70",""
"708","08",5," Lipovits Máté","JOBBIK","8396","18.83",""
"709","08",5," Lehóczki Attila","MSZP-EGYÜTT-DK-PM-MLP","9823","22.03",""
"710","08",5," Ködmön Szabolcs","ÚDP","34","0.08",""
"711","08",5," Goda Bálint Zsolt","LMP","2177","4.88",""
"712","08",5," Deák János","JESZ","219","0.49",""
"713","08",5," Nagy Ádám","MUNKÁSPÁRT","361","0.81",""
"714","08",5," Ódor Ferenc","SEM","374","0.84",""
"715","08",5," Mácsik János","SZOCIÁLDEMOKRATÁK","158","0.35",""
"716","08",5," Földvárszki István","ÚMP","19","0.04",""
"717","09",1," Horváth András","LMP","2418","5.41",""
"718","09",1," Szendrei Attila","A HAZA NEM ELADÓ","407","0.91",""
"719","09",1," Kósa Lajos","FIDESZ-KDNP","21013","47.06","Igen"
"720","09",1," Herpergel Róbert","JOBBIK","7805","17.48",""
"721","09",1," Tankovszki András","JESZ","133","0.30",""
"722","09",1," Kovács István József","MGP","63","0.14",""
"723","09",1,"Dr. Szegedi István","MSZP-EGYÜTT-DK-PM-MLP","12012","26.90",""
"724","09",1," Endrész Boldizsár","SZDP","90","0.20",""
"725","09",1," Bakk István","SZOCIÁLDEMOKRATÁK","68","0.15",""
"726","09",1," Domboróczki Rita","ZÖLDEK","496","1.11",""
"727","09",1," Szabó Sándor","ÖP","150","0.34",""
"728","09",2," Kőszeghy Csanád Ábel","JOBBIK","9651","22.09",""
"729","09",2," Szűcs István","SMS","374","0.86",""
"730","09",2," Görög Jenő","LMP","2363","5.41",""
"731","09",2,"Dr. Nagy Attila","KISGAZDAPÁRT-MIÉP","236","0.54",""
"732","09",2,"Dr. Rónai György","MSZP-EGYÜTT-DK-PM-MLP","10501","24.03",""
"733","09",2," Lakatosné Marinka Andrea","JESZ","165","0.38",""
"734","09",2," Tóth Sebestyén","SEM","377","0.86",""
"735","09",2," Dávidné Németi Imola Erika","SZOCIÁLDEMOKRATÁK","178","0.41",""
"736","09",2,"Dr. Pósán László","FIDESZ-KDNP","19847","45.42","Igen"
"737","09",3," Székely János","A HAZA NEM ELADÓ","343","0.82",""
"738","09",3," Pallás György","MSZP-EGYÜTT-DK-PM-MLP","7288","17.41",""
"739","09",3," Kádi István Lajos","LMP","1300","3.11",""
"740","09",3," Alföldi-Lakatos Gábor","MCP","256","0.61",""
"741","09",3," Kajdiné Virág Katalin","SMS","210","0.50",""
"742","09",3," Ágoston Tibor","JOBBIK","10441","24.94",""
"743","09",3," Tóth Csaba István","MACSEP","65","0.16",""
"744","09",3," Tasó László","FIDESZ-KDNP","21619","51.64","Igen"
"745","09",3," Géhl Attila","MKSZU","50","0.12",""
"746","09",3," Leiterné Pálfalvi Petra","SZOCIÁLDEMOKRATÁK","88","0.21",""
"747","09",3," Juhászné Drabik Erzsébet","MRPP","19","0.05",""
"748","09",3," Nagy Judit Erzsébet","ÖP","112","0.27",""
"749","09",3," Czeglédi Norbert Tamás","JESZ","71","0.17",""
"750","09",4,"Dr. Majoros Imre","LMP","1028","2.72",""
"751","09",4," Kovács Réka Zsuzsanna","SMS","228","0.60",""
"752","09",4," Németi Attila Sándor","JESZ","108","0.29",""
"753","09",4," Varju László","MSZP-EGYÜTT-DK-PM-MLP","6985","18.51",""
"754","09",4,"Dr. Vitányi István József","FIDESZ-KDNP","17799","47.18","Igen"
"755","09",4,"Dr. Ulics Erika","JOBBIK","10873","28.82",""
"756","09",4," Szilágyi Károly","MCP","81","0.21",""
"757","09",4,"Dr. Riczkó István","Független","453","1.20",""
"758","09",4," Nagy Sándor","SZOCIÁLDEMOKRATÁK","145","0.38",""
"759","09",4," Horváth Gyula","EU. ROM","27","0.07",""
"760","09",5," Makula Krisztián","Független","44","0.11",""
"761","09",5," Nagy Ildikó","ÚDP","20","0.05",""
"762","09",5," Máté Lajos","JESZ","749","1.89",""
"763","09",5," Bodó Sándor","FIDESZ-KDNP","17657","44.46","Igen"
"764","09",5," Rigán István","JOBBIK","11070","27.88",""
"765","09",5," Szepesi Gábor Attila","ÖP","44","0.11",""
"766","09",5," Balogh Kálmán","MACSEP","9","0.02",""
"767","09",5," Kreith Anita Márta","LMP","1126","2.84",""
"768","09",5," Kapornaki Szilveszter Márió","KTI","84","0.21",""
"769","09",5," Horváth Csaba","Független","64","0.16",""
"770","09",5," Magyarné Marincsák Ibolya","Független","80","0.20",""
"771","09",5," Kiss Klára","SMS","381","0.96",""
"772","09",5," Horváth Lajosné","MRPP","5","0.01",""
"773","09",5," Kolompár Ferenc","MCP","79","0.20",""
"774","09",5," Bangóné Borbély Ildikó","MSZP-EGYÜTT-DK-PM-MLP","7317","18.42",""
"775","09",5," Kovács Imre","Független","122","0.31",""
"776","09",5," Vigh Albert","NEMZETI ÉRDEKÉRT","37","0.09",""
"777","09",5," Kovácsné Csatári Éva","EU. ROM","22","0.06",""
"778","09",5," Szincsák Sándor","TEMPO","149","0.38",""
"779","09",5,"Dr. Kerekes László","SZOCIÁLDEMOKRATÁK","235","0.59",""
"780","09",5," Papp Lajos","A HAZA NEM ELADÓ","419","1.06",""
"781","09",6," Weiser Írisz Vica","LMP","1136","2.85",""
"782","09",6," Széles Elek","SZDP","67","0.17",""
"783","09",6," Zsatku Zita","MRPP","6","0.02",""
"784","09",6," Oroszi Istvánné","ZÖLDEK","143","0.36",""
"785","09",6," Töviskesné Dsupin Judit Ibolya","A HAZA NEM ELADÓ","353","0.89",""
"786","09",6," Komoróczy Tibor Attila","FKGP","125","0.31",""
"787","09",6," Kathiné Juhász Ildikó","MSZP-EGYÜTT-DK-PM-MLP","7174","18.01",""
"788","09",6," Kállai István Elek","JESZ","102","0.26",""
"789","09",6," Fábián Kornél","ÚDP","18","0.05",""
"790","09",6," Tóth Miklósné","TEMPO","22","0.06",""
"791","09",6," Kulcsár Gergely","JOBBIK","10828","27.18",""
"792","09",6,"Dr. Tiba István Csaba","FIDESZ-KDNP","18982","47.65","Igen"
"793","09",6," Papp István","EGYÜTT 2014","76","0.19",""
"794","09",6," Kovács Máté","ÖP","127","0.32",""
"795","09",6," Nagy Károly Tiborné","SZOCIÁLDEMOKRATÁK","88","0.22",""
"796","09",6," Andorkó László","ÚMP","35","0.09",""
"797","09",6," Papp Csilla","MACSEP","51","0.13",""
"798","09",6," Balogh Gusztáv","MCP","254","0.64",""
"799","09",6," Homolya Emese Krisztina","SEM","80","0.20",""
"800","09",6," Varga Mariann","SMS","169","0.42",""
"801","10",1,"Dr. Szalóczi Géza György","MSZP-EGYÜTT-DK-PM-MLP","13781","25.37",""
"802","10",1," Mirkóczki Ádám","JOBBIK","15410","28.37",""
"803","10",1," Balog István","ÖP","121","0.22",""
"804","10",1," Szamkó Rozália","EU. ROM","19","0.03",""
"805","10",1,"Dr. Nyitrai Zsolt Péter","FIDESZ-KDNP","21151","38.94","Igen"
"806","10",1,"Dr. Csarnó Ákos","LMP","2528","4.65",""
"807","10",1," Faludi Sándor Gábor","A HAZA NEM ELADÓ","269","0.50",""
"808","10",1," Kecskés Gábor","ZÖLDEK","276","0.51",""
"809","10",1," Bodnár Pál","SZOCIÁLDEMOKRATÁK","228","0.42",""
"810","10",1," Juhász Szabolcs","Független","279","0.51",""
"811","10",1," Barkóczi Géza","MCP","249","0.46",""
"812","10",2," György Roland","FKGP","92","0.17",""
"813","10",2," Vona Gábor","JOBBIK","19159","35.78",""
"814","10",2," Rozinka Gyöngyi","HATMAP","27","0.05",""
"815","10",2," Schopf Rita","MSZDP","30","0.06",""
"816","10",2,"Dr. Lukács Zoltán","LMP","1360","2.54",""
"817","10",2," Szegváry Krisztián","SEM","91","0.17",""
"818","10",2," Snep Andrea","REND, SZABADSÁG","15","0.03",""
"819","10",2," Suha Jenő","EU. ROM","75","0.14",""
"820","10",2," Huszárné Luda Ágnes","MDU","22","0.04",""
"821","10",2," Tenke János","A HAZA NEM ELADÓ","193","0.36",""
"822","10",2,"Dr. Sós Tamás","MSZP-EGYÜTT-DK-PM-MLP","11874","22.17",""
"823","10",2," Ivády Gábor","KTI","283","0.53",""
"824","10",2," Rézműves Róbert","MCP","90","0.17",""
"825","10",2," Szabó Sándor Miklós","SZOCIÁLDEMOKRATÁK","80","0.15",""
"826","10",2," Egyed Mónika","ÖP","57","0.11",""
"827","10",2," Horváth László Dezső","FIDESZ-KDNP","19798","36.97","Igen"
"828","10",2," Horváth Mihály","ZÖLDEK","192","0.36",""
"829","10",2," Subicz István","SMS","115","0.21",""
"830","10",3," Molnár János","SZOCIÁLDEMOKRATÁK","110","0.22",""
"831","10",3," Ács Péter","MDU","15","0.03",""
"832","10",3," Tóth Norbert","LMP","1114","2.26",""
"833","10",3,"Dr. Kapolyi László","MSZDP","55","0.11",""
"834","10",3," Szőcs István","KMSZ","54","0.11",""
"835","10",3," Szabó Zsolt","FIDESZ-KDNP","20304","41.18","Igen"
"836","10",3," Ivanics Róbert","Független","622","1.26",""
"837","10",3," Tóth-Kern Enikő","REND, SZABADSÁG","31","0.06",""
"838","10",3," Sneider Tamás","JOBBIK","15268","30.97",""
"839","10",3," Kiss Gábor","ÖP","94","0.19",""
"840","10",3," Oláh Károly","FKGP","67","0.14",""
"841","10",3," Fehér Andrea","SEM","166","0.34",""
"842","10",3," László Zsolt","HATMAP","13","0.03",""
"843","10",3," Mikó János","NÉP","21","0.04",""
"844","10",3," Burai Ferenc","MCP","160","0.32",""
"845","10",3," Korózs Lajos","MSZP-EGYÜTT-DK-PM-MLP","10797","21.90",""
"846","10",3," Ránics Erika","SMS","163","0.33",""
"847","10",3," Botos Ferenc","KTI","251","0.51",""
"848","11",1," Baráth Zsolt György","JOBBIK","13157","25.63",""
"849","11",1," Kézér Tamás","FKGP","212","0.41",""
"850","11",1," Iváncsik Imre","MSZP-EGYÜTT-DK-PM-MLP","14574","28.39",""
"851","11",1," Nagy József","AQP","51","0.10",""
"852","11",1," Jakab János","MCP","126","0.25",""
"853","11",1," Bencsik Mihály","MUNKÁSPÁRT","604","1.18",""
"854","11",1," Hadvina Zsolt József","MGP","112","0.22",""
"855","11",1,"Dr. Pálfi Miklós","SZOCIÁLDEMOKRATÁK","176","0.34",""
"856","11",1,"Dr. Kenyeresné Kosik Ilona","JESZ","148","0.29",""
"857","11",1,"Dr. Bene Ildikó","FIDESZ-KDNP","19146","37.30","Igen"
"858","11",1,"Dr. Pető Ernő Zoltán","LMP","2303","4.49",""
"859","11",1," Horváth Zoltán","SMS","393","0.77",""
"860","11",1," Hári Antal Dezső","A HAZA NEM ELADÓ","296","0.58",""
"861","11",1," Reiner Tibor","NEMZETI ÉRDEKÉRT","37","0.07",""
"862","11",2,"Dr. Liszák János","KTI","134","0.32",""
"863","11",2," Nagy János","Független","344","0.81",""
"864","11",2," Budai Lóránt","JOBBIK","12783","30.06",""
"865","11",2," Turi Kristóf Tamás","MUNKÁSPÁRT","269","0.63",""
"866","11",2," Ménkű Ottó","LMP","1027","2.42",""
"867","11",2," Szűcs Károly","NEMZETI ÉRDEKÉRT","25","0.06",""
"868","11",2," Korsós András","MGP","24","0.06",""
"869","11",2," Kökény Kálmán","SZOCIÁLDEMOKRATÁK","131","0.31",""
"870","11",2," Jámbor László","A HAZA NEM ELADÓ","172","0.40",""
"871","11",2," Dankó István","JESZ","210","0.49",""
"872","11",2,"Dr. Szekeres Imre Jenő","MSZP-EGYÜTT-DK-PM-MLP","8594","20.21",""
"873","11",2," Kövendi Erzsébet","SMS","183","0.43",""
"874","11",2," Pócs János","FIDESZ-KDNP","18200","42.80","Igen"
"875","11",2," Pásztor László","ÖP","56","0.13",""
"876","11",2," Járvás István","FKGP","367","0.86",""
"877","11",3," Kapás József","SMS","226","0.50",""
"878","11",3," Tóthné Ábrahám Edit","A HAZA NEM ELADÓ","263","0.59",""
"879","11",3," Péntek Ildikó","LMP","948","2.12",""
"880","11",3," Málovits Martin Dániel","ÚMP","12","0.03",""
"881","11",3," Kalló Levente","MCP","85","0.19",""
"882","11",3,"Dr. Lukács László György","JOBBIK","11511","25.69",""
"883","11",3," Pásztorné Kovács Krisztina","ÖP","72","0.16",""
"884","11",3," Ozsváth László","MSZP-EGYÜTT-DK-PM-MLP","7719","17.22",""
"885","11",3,"Dr. Fazekas Sándor","FIDESZ-KDNP","23201","51.77","Igen"
"886","11",3," Dull Krisztián Norbert","MUNKÁSPÁRT","434","0.97",""
"887","11",3," Engler Ildikó","NEMZETI ÉRDEKÉRT","20","0.04",""
"888","11",3," Földesné Keresztes Mariann Szilvia","JESZ","83","0.19",""
"889","11",3," Farkas László","SZOCIÁLDEMOKRATÁK","161","0.36",""
"890","11",3," Nagy Gyula","FKGP","80","0.18",""
"891","11",4," Szabó Hajnalka","MDU","56","0.13",""
"892","11",4," Lakatos Gusztáv","MCP","83","0.19",""
"893","11",4," Váradi László","SZOCIÁLDEMOKRATÁK","74","0.17",""
"894","11",4," Török Ferenc","FKGP","117","0.27",""
"895","11",4," Csányi Tamás","JOBBIK","13436","30.62",""
"896","11",4," Boldog István","FIDESZ-KDNP","18524","42.21","Igen"
"897","11",4," Nagy Andrásné","JESZ","94","0.21",""
"898","11",4," Pozsonyi Péter","MUNKÁSPÁRT","490","1.12",""
"899","11",4," Sándor Gáborné","A HAZA NEM ELADÓ","294","0.67",""
"900","11",4," Sallai Róbert Benedek","LMP","1128","2.57",""
"901","11",4," Rózsa Endre","MSZP-EGYÜTT-DK-PM-MLP","9386","21.39",""
"902","11",4," Juhász Ferenc","SMS","202","0.46",""
"903","12",1," Tokaji Attila","JESZ","200","0.40",""
"904","12",1," Bihari Ervin","MCF","22","0.04",""
"905","12",1," Tóth-Fekete Tamás Károly","SZDP","123","0.25",""
"906","12",1," Barczi Zsófia","MSZDP","59","0.12",""
"907","12",1," Gutai Zsolt","LMP","2473","4.95",""
"908","12",1," Pintér Réka","SEM","204","0.41",""
"909","12",1," Lévai István","MCP","21","0.04",""
"910","12",1," Majer Zsuzsanna Éva","4K!","155","0.31",""
"911","12",1," Bencsik János","FIDESZ-KDNP","21434","42.89","Igen"
"912","12",1," Juhász Zoltán Ákos","KTI","141","0.28",""
"913","12",1," Mayer Péter","ZÖLDEK","252","0.50",""
"914","12",1," Pachl Tamás","A HAZA NEM ELADÓ","563","1.13",""
"915","12",1," Petrik Tímea","MUNKÁSPÁRT","362","0.72",""
"916","12",1," Vágó Sebestyén","JOBBIK","7868","15.74",""
"917","12",1," Béres István","ÖP","102","0.20",""
"918","12",1," Farkas Andrea","KMSZ","43","0.09",""
"919","12",1," Lukács Zoltán Géza","MSZP-EGYÜTT-DK-PM-MLP","15954","31.92",""
"920","12",2,"Dr. Völner Pál","FIDESZ-KDNP","23475","45.92","Igen"
"921","12",2," Pogány István","ÖP","229","0.45",""
"922","12",2,"Dr. Nyirán Gergely","Független","639","1.25",""
"923","12",2," Nunkovics Tibor","JOBBIK","10141","19.84",""
"924","12",2," Makai Balázs István","KTI","127","0.25",""
"925","12",2," Rajczy Péter Tamás","JESZ","224","0.44",""
"926","12",2," Prommer Mátyás Jenő","LMP","2213","4.33",""
"927","12",2," Bartha Mihály Józsefné","MSZDP","92","0.18",""
"928","12",2," Balázs Mária Borbála","MCP","85","0.17",""
"929","12",2,"Dr. Vadai Ágnes","MSZP-EGYÜTT-DK-PM-MLP","13896","27.18",""
"930","12",3," Béres Bence","ÖP","186","0.37",""
"931","12",3," Gasparovicsné Oláh Manuéla","MCP","52","0.10",""
"932","12",3," Tenki Melinda","FKGP","203","0.41",""
"933","12",3," Szabados Sándor","LMP","2231","4.48",""
"934","12",3," Szabó Mihály","JOBBIK","9909","19.91",""
"935","12",3,"Dr. Topálné Dr. Zsilka Ilona","SZEM-NŐPÁRT","465","0.93",""
"936","12",3," Czunyiné Dr. Bertalan Judit","FIDESZ-KDNP","23391","47.01","Igen"
"937","12",3," Téglás Géza","A HAZA NEM ELADÓ","380","0.76",""
"938","12",3," Vági Ágnes Csilla","JESZ","330","0.66",""
"939","12",3," Székely Antal","MSZP-EGYÜTT-DK-PM-MLP","12430","24.98",""
"940","12",3," Nemes Tibor","ÚMP","48","0.10",""
"941","12",3," Gomán Zsolt","KMSZ","53","0.11",""
"942","12",3," Pintér László","ÚDP","82","0.16",""
"943","13",1," Krekács Dániel Zsolt","SEM","163","0.33",""
"944","13",1," Szőrös Zita","MCP","269","0.55",""
"945","13",1,"Dr. Turza Csaba József","Független","548","1.12",""
"946","13",1," Hajdara Roland","FKGP","63","0.13",""
"947","13",1," Laukó Lenke","A HAZA NEM ELADÓ","401","0.82",""
"948","13",1," Komlósi Csaba","LMP","1286","2.63",""
"949","13",1," Boldvai László Róbert","MSZP-EGYÜTT-DK-PM-MLP","13140","26.87",""
"950","13",1," Becsó Zsolt","FIDESZ-KDNP","18410","37.64","Igen"
"951","13",1," Kutas József","JOBBIK","11499","23.51",""
"952","13",1," Csikós Béla","EU. ROM","42","0.09",""
"953","13",1," Kürti István","KISGAZDAPÁRT-MIÉP","56","0.11",""
"954","13",1," Gazsiné Szekeres Márta","Független","99","0.20",""
"955","13",1," Sturmann Béla","SZOCIÁLDEMOKRATÁK","137","0.28",""
"956","13",1," Klányi József","Független","40","0.08",""
"957","13",1,"Dr. Fölker Tibor Tamás","MRPP","77","0.16",""
"958","13",1," Dancsó János","KTI","290","0.59",""
"959","13",1," Szabó Zsolt Attila","ÚDP","25","0.05",""
"960","13",1," Nagy Attila Tibor","MUNKÁSPÁRT","785","1.61",""
"961","13",1," Seres Mária","SMS","1210","2.47",""
"962","13",1," Kanyó Károly","EP","38","0.08",""
"963","13",1," Györki Tibor","Független","46","0.09",""
"964","13",1," Lantos István","ZÖLDEK","159","0.33",""
"965","13",1," Baranyi István","JESZ","123","0.25",""
"966","13",2," Szendreiné Kis Katalin","EU. ROM","26","0.05",""
"967","13",2," Balla Mihály Tibor","FIDESZ-KDNP","24564","48.82","Igen"
"968","13",2," Mazgon Jelena","SMS","224","0.45",""
"969","13",2," Belák Vince Ottó","MSZDP","64","0.13",""
"970","13",2," Zagyvai Sándor","LMP","1542","3.06",""
"971","13",2," Hegedűs Ervin","ZÖLDEK","195","0.39",""
"972","13",2," Borenszki Ervin","MSZP-EGYÜTT-DK-PM-MLP","10358","20.58",""
"973","13",2," Kovács Boglárka","SEM","81","0.16",""
"974","13",2," Török Tamásné","A HAZA NEM ELADÓ","280","0.56",""
"975","13",2," Rákosi György","NÉP","37","0.07",""
"976","13",2," Makó András","SZOCIÁLDEMOKRATÁK","85","0.17",""
"977","13",2," Nagy József","EGYÜTT 2014","166","0.33",""
"978","13",2," Németh László","JESZ","74","0.15",""
"979","13",2," Ráczné Molnár Mária","SZEM-NŐPÁRT","55","0.11",""
"980","13",2," Kiss László","JOBBIK","11256","22.37",""
"981","13",2," Halasi Miklós","MCF","93","0.18",""
"982","13",2," Szilvási István","FKGP","115","0.23",""
"983","13",2," Tóth Zoltán","KTI","208","0.41",""
"984","13",2," Rácz Jenő","MCP","223","0.44",""
"985","13",2," Czekó Erzsébet","ÖP","46","0.09",""
"986","13",2,"Dr. Frankfurter Zsuzsanna","MUNKÁSPÁRT","628","1.25",""
"987","14",1," Pulai Edina","JOBBIK","8295","16.01",""
"988","14",1," Pacsuta Péter János","ÉLŐLÁNC","118","0.23",""
"989","14",1," Szekszer Bernadett Katalin","MSZDP","60","0.12",""
"990","14",1," Rácz Róbert","4K!","151","0.29",""
"991","14",1," Varga Illés Levente","LMP","2923","5.64",""
"992","14",1," Halász Ajtony Zsombor","FKGP","112","0.22",""
"993","14",1," Soczó Ildikó Mária","SEM","241","0.47",""
"994","14",1,"Dr. Aradszki András","FIDESZ-KDNP","22271","42.97","Igen"
"995","14",1," Turczer György","JESZ","130","0.25",""
"996","14",1,"Dr. Dorosz Dávid","MSZP-EGYÜTT-DK-PM-MLP","16386","31.62",""
"997","14",1," Járvás Éva","SMS","412","0.79",""
"998","14",1," Kékesi Gergő","MKSZU","14","0.03",""
"999","14",1," Lázár Andrea","ZÖLDEK","455","0.88",""
"1000","14",1," Fekete Kornélia","EP","67","0.13",""
"1001","14",1," Gara Ferencné","SZAVA","16","0.03",""
"1002","14",1," Varga Andrea","MDU","35","0.07",""
"1003","14",1," Vadászi Nándor","SZDP","139","0.27",""
"1004","14",2," Csenger-Zalán Zsolt","FIDESZ-KDNP","28327","46.54","Igen"
"1005","14",2," Kósa Sándor","SZOCIÁLDEMOKRATÁK","227","0.37",""
"1006","14",2,"Dr. Szél Bernadett","LMP","6607","10.86",""
"1007","14",2," Császárné Kollár Tímea Annamária","JOBBIK","6827","11.22",""
"1008","14",2," Anyalai Béla","MCP","81","0.13",""
"1009","14",2," Marton Gergő","SMS","456","0.75",""
"1010","14",2," Varga Tamás","A HAZA NEM ELADÓ","343","0.56",""
"1011","14",2,"Dr. Szabóné Müller Timea Nóra","MSZP-EGYÜTT-DK-PM-MLP","16290","26.76",""
"1012","14",2," Keller László","Független","1469","2.41",""
"1013","14",2," Törökné Dzsaja Erzsébet Ildikó","EGYÜTT 2014","237","0.39",""
"1014","14",3," Mellákné Tóth Éva","SEM","371","0.64",""
"1015","14",3," Ferenczi János","A HAZA NEM ELADÓ","266","0.46",""
"1016","14",3," Juhász Hilda","EGYÜTT 2014","321","0.55",""
"1017","14",3," Skrobár Róbert","JESZ","192","0.33",""
"1018","14",3," Marosi Katalin","SMS","339","0.59",""
"1019","14",3," Gáspár Tibor","MCF","72","0.12",""
"1020","14",3," Murányi Levente","JOBBIK","8167","14.11",""
"1021","14",3," Kardos-Horváth János","LMP","4184","7.23",""
"1022","14",3," Győrfi Attila","NEMZETI ÉRDEKÉRT","27","0.05",""
"1023","14",3," Árvay-Nagy Anna","ÚMP","42","0.07",""
"1024","14",3," Hadházy Sándor","FIDESZ-KDNP","27364","47.28","Igen"
"1025","14",3," Holek Katalin","ÖP","132","0.23",""
"1026","14",3," Bassa Zoltán","4K!","203","0.35",""
"1027","14",3," Sefcsik Ibolya","EP","37","0.06",""
"1028","14",3," Kiss János","ZÖLDEK","413","0.71",""
"1029","14",3," Szinna Gábor","MSZP-EGYÜTT-DK-PM-MLP","15434","26.67",""
"1030","14",3,"Dr. Diószegi Gábor","SZOCIÁLDEMOKRATÁK","289","0.50",""
"1031","14",3," Kámán Dávid Miklós","ÚDP","23","0.04",""
"1032","14",4," Nagy Sándor","MUNKÁSPÁRT","295","0.62",""
"1033","14",4," Kiss Zsolt János","MSZP-EGYÜTT-DK-PM-MLP","11767","24.80",""
"1034","14",4," Harrach Péter Pál","FIDESZ-KDNP","22193","46.78","Igen"
"1035","14",4," Lakatos Istvánné","KMSZ","77","0.16",""
"1036","14",4," Karnis Gáborné","TEMPO","45","0.09",""
"1037","14",4," Zsigmond Attiláné","ÚMP","24","0.05",""
"1038","14",4," Fehér Zsolt","JOBBIK","9493","20.01",""
"1039","14",4,"Dr. Dákay Zoltán","A HAZA NEM ELADÓ","299","0.63",""
"1040","14",4," Nógrádi Ferenc","SZOCIÁLDEMOKRATÁK","114","0.24",""
"1041","14",4," Vitéz Attila","ZÖLDEK","303","0.64",""
"1042","14",4," Bánhegyi Ildikó Mária","MKSZU","46","0.10",""
"1043","14",4," Vojnovits Erzsébet","KTI","100","0.21",""
"1044","14",4," Himmerné Wetzl Annamária","ÖP","79","0.17",""
"1045","14",4," Nagy Szilárd Benjamin","SEM","147","0.31",""
"1046","14",4,"Dr. Agócs-Jesztei Ágnes","MRPP","53","0.11",""
"1047","14",4," Kőfalvi László","JESZ","53","0.11",""
"1048","14",4," Dengelegi Klára Zsuzsanna","LMP","1991","4.20",""
"1049","14",4," Batáné Burik Anna","MGP","36","0.08",""
"1050","14",4," Moravcsik Attila","SMS","326","0.69",""
"1051","14",5," Pokriva Nándor","NEMZETI ÉRDEKÉRT","93","0.16",""
"1052","14",5,"Dr. Tuzson Bence Balázs","FIDESZ-KDNP","24344","41.33","Igen"
"1053","14",5," Nagy Nándor","4K!","223","0.38",""
"1054","14",5," Budainé Kelemen Erzsébet","JESZ","277","0.47",""
"1055","14",5," Fazekas Attila","SZOCIÁLDEMOKRATÁK","246","0.42",""
"1056","14",5," Juhász Péter","LMP","4515","7.66",""
"1057","14",5," Méri László","SEM","518","0.88",""
"1058","14",5," Kovacsics Imre","A HAZA NEM ELADÓ","643","1.09",""
"1059","14",5," Nyiri Márton","JOBBIK","9641","16.37",""
"1060","14",5," Szabó Imre","MSZP-EGYÜTT-DK-PM-MLP","18166","30.84",""
"1061","14",5," Horváth Ferenc","KTI","240","0.41",""
"1062","14",6," Veres Botond","SEM","371","0.67",""
"1063","14",6," Szabó Kinga","MRPP","11","0.02",""
"1064","14",6," Bertha Szilvia Zsuzsanna","JOBBIK","10588","19.14",""
"1065","14",6," Szabó Sándor","JESZ","132","0.24",""
"1066","14",6," Vécsey László József","FIDESZ-KDNP","23745","42.92","Igen"
"1067","14",6," Bercsényi Zoltán","SMS","303","0.55",""
"1068","14",6," Oláh Árpád","MCF","52","0.09",""
"1069","14",6," Sándor István","KTI","223","0.40",""
"1070","14",6," Gomány Mihály","EU. ROM","9","0.02",""
"1071","14",6," Kovács Barnabás","MSZP-EGYÜTT-DK-PM-MLP","14027","25.35",""
"1072","14",6," Béres József","MGP","85","0.15",""
"1073","14",6," Rácz Adorján Barnabás","EGYÜTT 2014","217","0.39",""
"1074","14",6," Gaál István","SZOCIÁLDEMOKRATÁK","121","0.22",""
"1075","14",6," Uzsokiné Lakó Éva","A HAZA NEM ELADÓ","679","1.23",""
"1076","14",6," Lengyel Szilvia","LMP","3544","6.41",""
"1077","14",6," Herczeg Attila","Független","900","1.63",""
"1078","14",6," Pikács Pálné","MCP","177","0.32",""
"1079","14",6,"Dr. Penke András Mihály","FKGP","143","0.26",""
"1080","14",7," Pintér Sándor","LMP","2296","4.46",""
"1081","14",7," Gyuriczáné Koncz Mónika","MDU","52","0.10",""
"1082","14",7," Mersei Eszter","ZÖLDEK","487","0.95",""
"1083","14",7," Kollár Krisztina","ÖP","147","0.29",""
"1084","14",7," Sas Zoltán","JOBBIK","10098","19.62",""
"1085","14",7,"Dr. Szűcs Lajos","FIDESZ-KDNP","22109","42.96","Igen"
"1086","14",7," Szabó Rebeka Katalin","MSZP-EGYÜTT-DK-PM-MLP","14971","29.09",""
"1087","14",7," Gajdos Márk Csaba","EP","75","0.15",""
"1088","14",7," Hanák Róbert","JESZ","221","0.43",""
"1089","14",7," Tóth László","SZOCIÁLDEMOKRATÁK","116","0.23",""
"1090","14",7," Bosánszki Péter","EGYÜTT 2014","209","0.41",""
"1091","14",7," Rab Alexandra","ÚDP","29","0.06",""
"1092","14",7," Kovács Sándor Zoltán","A HAZA NEM ELADÓ","492","0.96",""
"1093","14",7," Százi Nikolett","ÚMP","28","0.05",""
"1094","14",7,"Dr. Nagy Marianna","SZEM-NŐPÁRT","140","0.27",""
"1095","14",8," Agócs Ildikó","MACSEP","38","0.07",""
"1096","14",8," Barna Béla","ÚMP","22","0.04",""
"1097","14",8," Bóna Zoltán","FIDESZ-KDNP","20946","40.26","Igen"
"1098","14",8," Póka László","ÖP","313","0.60",""
"1099","14",8," Kuncze Gábor","MSZP-EGYÜTT-DK-PM-MLP","17134","32.93",""
"1100","14",8," Lovász Márk Renátó","ÚDP","13","0.02",""
"1101","14",8," Kanalas József","MCP","19","0.04",""
"1102","14",8," Jaksa-Ladányi Emma Zsuzsánna","LMP","2605","5.01",""
"1103","14",8," Takács Gábor","KTI","218","0.42",""
"1104","14",8," Ali János","NEMZETI ÉRDEKÉRT","52","0.10",""
"1105","14",8," Kovács Gyula","EGYÜTT 2014","202","0.39",""
"1106","14",8," Jakab Mihály","MCF","6","0.01",""
"1107","14",8," Boldis György","SZOCIÁLDEMOKRATÁK","112","0.22",""
"1108","14",8," Máté Ferenc","KMSZ","48","0.09",""
"1109","14",8," Szilvási Zsolt","SEM","260","0.50",""
"1110","14",8," Lupa János","JOBBIK","9578","18.41",""
"1111","14",8," Apró Tamás","JESZ","182","0.35",""
"1112","14",8," Kirner László","SMS","277","0.53",""
"1113","14",9," Tóthné Megyes Katalin","A HAZA NEM ELADÓ","296","0.72",""
"1114","14",9," Mikus Csaba","LMP","1183","2.88",""
"1115","14",9," Pukkai Tamás","ÖP","101","0.25",""
"1116","14",9," Győri Tibor","MGP","53","0.13",""
"1117","14",9," Czerván György","FIDESZ-KDNP","20595","50.18","Igen"
"1118","14",9," Pető László","JESZ","93","0.23",""
"1119","14",9," Surányi Tiborné","SMS","184","0.45",""
"1120","14",9," Sárköziné Juhász Gyöngyi","KTI","124","0.30",""
"1121","14",9," Schiller Roland","SZOCIÁLDEMOKRATÁK","65","0.16",""
"1122","14",9," Csanádi Gábor Ferenc","JOBBIK","10198","24.85",""
"1123","14",9,"Dr. Baja Ferenc","MSZP-EGYÜTT-DK-PM-MLP","8047","19.61",""
"1124","14",9," Apáti Tibor","FKGP","104","0.25",""
"1125","14",10," Lakatosné Ivanics Éva","EGYÜTT 2014","287","0.68",""
"1126","14",10," Gáspár Attila","TEMPO","41","0.10",""
"1127","14",10," Rakita Andrea Éva","SEM","152","0.36",""
"1128","14",10," Szikora Zoltán Ferencné","KTI","113","0.27",""
"1129","14",10," Tóth Ferenc Tibor","FKGP","99","0.24",""
"1130","14",10," Radics József","MCP","58","0.14",""
"1131","14",10," Molnár Józsefné","ÖP","93","0.22",""
"1132","14",10," Pogácsás Tibor János","FIDESZ-KDNP","19475","46.34","Igen"
"1133","14",10," Gányi Miklós Andrásné","NEMZETI ÉRDEKÉRT","46","0.11",""
"1134","14",10," Ujházi Károly","A HAZA NEM ELADÓ","225","0.54",""
"1135","14",10," Oroszi István","AQP","17","0.04",""
"1136","14",10," Som Zsolt","MRPP","16","0.04",""
"1137","14",10," Török László","LMP","1515","3.61",""
"1138","14",10," Légrádi József Zoltán","ZÖLDEK","166","0.40",""
"1139","14",10," Braun Róbert","MSZP-EGYÜTT-DK-PM-MLP","9046","21.53",""
"1140","14",10,"Dr. Kereszturi Imre","JOBBIK","10648","25.34",""
"1141","14",10," Havasiné Gölöncsér Aranka","MDU","26","0.06",""
"1142","14",11," Pánczél Károly","FIDESZ-KDNP","23486","48.37","Igen"
"1143","14",11," Bódiné Berényi Ágnes","EU. ROM","44","0.09",""
"1144","14",11," Zábrácki László","JOBBIK","10003","20.60",""
"1145","14",11," Zsigár József","ÚDP","70","0.14",""
"1146","14",11," Rapcsák Győző","EP","57","0.12",""
"1147","14",11," Dankó Géza Gábor","SMS","310","0.64",""
"1148","14",11," Lakos Veronika","SZOCIÁLDEMOKRATÁK","103","0.21",""
"1149","14",11," Zagyva Gabriella","LMP","2181","4.49",""
"1150","14",11," Orosz István Gábor","EGYÜTT 2014","287","0.59",""
"1151","14",11," Marján Péter György","JESZ","111","0.23",""
"1152","14",11," Szentes János","SZAVA","38","0.08",""
"1153","14",11," Székely Orsolya","SEM","292","0.60",""
"1154","14",11," Kreisz Katalin Erzsébet","ÖP","191","0.39",""
"1155","14",11,"Dr. Bakó Krisztina Katalin","MSZP-EGYÜTT-DK-PM-MLP","11379","23.44",""
"1156","14",12," Földi Áron","LMP","1359","3.20",""
"1157","14",12," Laczkó Józsefné","JESZ","67","0.16",""
"1158","14",12," Fenyvesné Dr. Nádas Katalin Csilla","MRPP","24","0.06",""
"1159","14",12,"Dr. Horváth Melinda Erzsébet","ÉLŐLÁNC","117","0.28",""
"1160","14",12," Romhányiné Dr. Balogh Edit","MSZP-EGYÜTT-DK-PM-MLP","8828","20.76",""
"1161","14",12," Volner János","JOBBIK","12285","28.89",""
"1162","14",12," Cseh Mihály Attila","SZOCIÁLDEMOKRATÁK","66","0.16",""
"1163","14",12," Vágó Tibor István","SMS","145","0.34",""
"1164","14",12," Cseriné Demeter Bernadett","FKGP","234","0.55",""
"1165","14",12," Erdei Tünde","MGP","54","0.13",""
"1166","14",12," Keskeny Rudolfné","MCP","46","0.11",""
"1167","14",12," Kovács László","A HAZA NEM ELADÓ","260","0.61",""
"1168","14",12," Gyulai Lajos","MKSZU","7","0.02",""
"1169","14",12," Facskó Szilveszter","MSZDP","50","0.12",""
"1170","14",12," Bán Zsolt","ÖP","63","0.15",""
"1171","14",12," Földi László","FIDESZ-KDNP","18732","44.05","Igen"
"1172","14",12," Papp Viktor","SEM","183","0.43",""
"1173","15",1," Gelencsér Attila","FIDESZ-KDNP","16524","40.43","Igen"
"1174","15",1," Bogdán Gábor","ÚMP","25","0.06",""
"1175","15",1," Szlobodics Gyula Károly","FKGP","93","0.23",""
"1176","15",1," Juhos Bence","JESZ","168","0.41",""
"1177","15",1," Pénzes István Györgyné","A HAZA NEM ELADÓ","235","0.58",""
"1178","15",1," Gelencsér Balázs","Független","188","0.46",""
"1179","15",1," Varga Roland","MGP","40","0.10",""
"1180","15",1," Felder Frigyes","LMP","2058","5.04",""
"1181","15",1," Halmos Rita","ÚDP","35","0.09",""
"1182","15",1," Potyondi Ilona","SMS","239","0.58",""
"1183","15",1," Miháldinecz Gábor","JOBBIK","8931","21.85",""
"1184","15",1,"Dr. Kolber István","MSZP-EGYÜTT-DK-PM-MLP","11623","28.44",""
"1185","15",1," Nagy Nándor Lajos","Független","90","0.22",""
"1186","15",1," Tilinger Péter Márk","ZÖLDEK","218","0.53",""
"1187","15",1," Csikós József","SZMP","39","0.10",""
"1188","15",1," Árok Kornél","SZOCIÁLDEMOKRATÁK","360","0.88",""
"1189","15",2," Galba Mihály László","SMS","345","1.01",""
"1190","15",2," Farkas Gábor","ÚDP","13","0.04",""
"1191","15",2," Bogdán Csaba","MCP","278","0.81",""
"1192","15",2," Sipos Zoltán","FKGP","122","0.36",""
"1193","15",2," Köves Ákos","EGYÜTT 2014","141","0.41",""
"1194","15",2," Pávics Szabolcs József","ÚMP","44","0.13",""
"1195","15",2," Pandur László Gábor","KTI","141","0.41",""
"1196","15",2," Pávay Miklós Györgyné","HATMAP","9","0.03",""
"1197","15",2," Ander Balázs","JOBBIK","8227","24.04",""
"1198","15",2," Kutas Viktor Csaba","LMP","764","2.23",""
"1199","15",2," Szászfalvi László","FIDESZ-KDNP","15907","46.48","Igen"
"1200","15",2," Horváth László","A HAZA NEM ELADÓ","137","0.40",""
"1201","15",2," Kovács Gábor","4K!","54","0.16",""
"1202","15",2," Paluska János","JESZ","40","0.12",""
"1203","15",2," Szép Erzsébet","MUNKÁSPÁRT","233","0.68",""
"1204","15",2," Darcsi Natália","ÖP","28","0.08",""
"1205","15",2," Csendesné Murányi Ibolya Julianna","MSZP-EGYÜTT-DK-PM-MLP","7592","22.18",""
"1206","15",2," Lóth Ferenc","SZOCIÁLDEMOKRATÁK","57","0.17",""
"1207","15",2," Pusztai Gábor","SZMP","42","0.12",""
"1208","15",2," Kristóf Csaba","MEGÚJULÁSPÁRT","52","0.15",""
"1209","15",3," Géresi Julianna","SMS","177","0.48",""
"1210","15",3," Támba Klaudia","ÖP","63","0.17",""
"1211","15",3," Filák Péter","LMP","1194","3.22",""
"1212","15",3," Klikkné Horváth Cecília Margit","KTI","135","0.36",""
"1213","15",3," Piltner Zsolt","JESZ","77","0.21",""
"1214","15",3," Halmos Istvánné","ÚMP","30","0.08",""
"1215","15",3," Tóth Gábor","Független","197","0.53",""
"1216","15",3," Mátyás Balázs Máté","JOBBIK","8503","22.93",""
"1217","15",3," Móring József Attila","FIDESZ-KDNP","17616","47.51","Igen"
"1218","15",3," Bakos Éva Gyöngyi","A HAZA NEM ELADÓ","326","0.88",""
"1219","15",3," Nagyillés Máté","SZOCIÁLDEMOKRATÁK","71","0.19",""
"1220","15",3," Berta-Csikós Éva","SZMP","28","0.08",""
"1221","15",3," Harján Dávid","MSZP-EGYÜTT-DK-PM-MLP","8497","22.91",""
"1222","15",3," Varga Zsolt","ÚDP","22","0.06",""
"1223","15",3,"Dr. Palócz Mihályné","AQP","19","0.05",""
"1224","15",3," Szamosvári Szabolcs Sándor","FKGP","127","0.34",""
"1225","15",4,"Dr. Léhmann György","ÉLŐLÁNC","575","1.45",""
"1226","15",4," Majkó Gyula Miklós","ÚMP","45","0.11",""
"1227","15",4," Egyedi László","A HAZA NEM ELADÓ","235","0.59",""
"1228","15",4," Herczeg Attila","ÚDP","35","0.09",""
"1229","15",4," Mülléder Gábor","EGYÜTT 2014","154","0.39",""
"1230","15",4," Witzmann Mihály","FIDESZ-KDNP","18591","46.76","Igen"
"1231","15",4," Molnárné Jakab Mária Hajnalka","SMS","246","0.62",""
"1232","15",4," Gál Ferenc","LMP","1556","3.91",""
"1233","15",4," Barabás Tibor András","MKSZU","22","0.06",""
"1234","15",4," Lécz Viktor György","FKGP","75","0.19",""
"1235","15",4," Drexler Róbert Ferenc","JESZ","78","0.20",""
"1236","15",4," Tóth Attila","SEM","177","0.45",""
"1237","15",4," Berkes Gábor","JOBBIK","7838","19.71",""
"1238","15",4," Harangozó Gábor István","MSZP-EGYÜTT-DK-PM-MLP","9926","24.96",""
"1239","15",4," Pankász Róbert","ÚGP","80","0.20",""
"1240","15",4," Dömös Imre","KTI","129","0.32",""
"1241","16",1," Makula Gábriel","ÚDP","14","0.03",""
"1242","16",1," Makula Andrásné","ÚMP","8","0.02",""
"1243","16",1," Jeszenszki András","MSZP-EGYÜTT-DK-PM-MLP","15781","32.29",""
"1244","16",1," Hornyák Péter Rajmund","KALÓZPÁRT","64","0.13",""
"1245","16",1," Matavovszky Dániel","SEM","157","0.32",""
"1246","16",1," Varga Áronné","ZÖLDEK","168","0.34",""
"1247","16",1," Szabolcsi Beáta","LMP","1881","3.85",""
"1248","16",1," Kádár János","KISGAZDAPÁRT-MIÉP","73","0.15",""
"1249","16",1," Tamás László Ferenc","KTI","58","0.12",""
"1250","16",1," Szoboszlay György Csaba","SMS","600","1.23",""
"1251","16",1," Teremi László Sándorné","EGYÜTT 2014","110","0.23",""
"1252","16",1," Chrabák Sándor","A HAZA NEM ELADÓ","397","0.81",""
"1253","16",1," Nagy Róbert István","Független","124","0.25",""
"1254","16",1," Balczó Zoltán György","JOBBIK","11138","22.79",""
"1255","16",1," Duka Dezső","MCP","198","0.41",""
"1256","16",1,"Dr. Terebesiné Kovács Éva","SZOCIÁLDEMOKRATÁK","115","0.24",""
"1257","16",1," Farkas Roland Norbert","NEMZETI ÉRDEKÉRT","37","0.08",""
"1258","16",1," Petneházy Szabolcs Attila","FIDESZ-KDNP","17484","35.78","Igen"
"1259","16",1," Fábián Csaba János","EP","36","0.07",""
"1260","16",1," Gulácsiné Dr. Dobos Emőke","FKGP","77","0.16",""
"1261","16",1," Szepessy Zsolt László","ÖP","225","0.46",""
"1262","16",1," Dakó Attila","JESZ","127","0.26",""
"1263","16",2," Nyíri Sándor","JESZ","145","0.34",""
"1264","16",2," Tolnai Tibor","A HAZA NEM ELADÓ","211","0.50",""
"1265","16",2," Nagy János Csaba","Független","79","0.19",""
"1266","16",2," Kovácsné Váradi Melinda","EU. ROM","50","0.12",""
"1267","16",2,"Dr. Gyüre Csaba","JOBBIK","11755","27.64",""
"1268","16",2," Bagdi Sándor Gábor","ÖP","110","0.26",""
"1269","16",2," Koji Attiláné","SZOCIÁLDEMOKRATÁK","60","0.14",""
"1270","16",2," Sipos Éva Katalin","ZÖLDEK","178","0.42",""
"1271","16",2," Tóth Miklós","LMP","957","2.25",""
"1272","16",2," Lakatos Lászlóné","KTI","79","0.19",""
"1273","16",2," Nagy Tibor Barnabás","KISGAZDAPÁRT-MIÉP","558","1.31",""
"1274","16",2," Huczman Miklósné","SMS","239","0.56",""
"1275","16",2," Nagy Attila","TBP","24","0.06",""
"1276","16",2," Faragó László","Független","279","0.66",""
"1277","16",2," Juhász Ferenc","MSZP-EGYÜTT-DK-PM-MLP","9485","22.30",""
"1278","16",2,"Dr. Vinnai Győző","FIDESZ-KDNP","18322","43.08","Igen"
"1279","16",3,"Dr. Seszták Miklós István","FIDESZ-KDNP","22257","48.64","Igen"
"1280","16",3," Tóth Péter Pál","MUNKÁSPÁRT","324","0.71",""
"1281","16",3," Kiss László","SZOCIÁLDEMOKRATÁK","127","0.28",""
"1282","16",3," Kulcsár Mária","KISGAZDAPÁRT-MIÉP","113","0.25",""
"1283","16",3,"Dr. Balogh Emese Ilona","LMP","785","1.72",""
"1284","16",3," Földi István","JOBBIK","12276","26.83",""
"1285","16",3," Varga Zoltán","MCP","262","0.57",""
"1286","16",3," Imre István","SMS","138","0.30",""
"1287","16",3," Farkas Bertalan","ZÖLDEK","287","0.63",""
"1288","16",3,"Dr. Legény Zsolt","MSZP-EGYÜTT-DK-PM-MLP","8707","19.03",""
"1289","16",3," Gyüre Lajos","JESZ","179","0.39",""
"1290","16",3," Jarkas Richárd Mátyás","SEM","41","0.09",""
"1291","16",3," Fodor Dezső","ÖP","49","0.11",""
"1292","16",3," Szilcz Ildikó","A HAZA NEM ELADÓ","212","0.46",""
"1293","16",4,"Dr. Tilki Attila","FIDESZ-KDNP","23113","52.94","Igen"
"1294","16",4," Halász Csaba","FKGP","122","0.28",""
"1295","16",4," Varga Ferenc","NEMZETI ÉRDEKÉRT","24","0.05",""
"1296","16",4," Katona Gina","KTI","154","0.35",""
"1297","16",4," Adorján Béla","JOBBIK","11516","26.38",""
"1298","16",4," Nyerges József","EP","28","0.06",""
"1299","16",4," Kárpáti Zoltán","JESZ","123","0.28",""
"1300","16",4," Demeter István","MCP","167","0.38",""
"1301","16",4," Tóth Gábor","ZÖLDEK","101","0.23",""
"1302","16",4," Simó József","EGYÜTT 2014","67","0.15",""
"1303","16",4," Boros Attila","A HAZA NEM ELADÓ","105","0.24",""
"1304","16",4," Sipos László","SZOCIÁLDEMOKRATÁK","226","0.52",""
"1305","16",4," Jenei Ferenc","KISGAZDAPÁRT-MIÉP","39","0.09",""
"1306","16",4,"Dr. Baka István","MSZP-EGYÜTT-DK-PM-MLP","6930","15.87",""
"1307","16",4," Kovács Krisztián","ÖP","35","0.08",""
"1308","16",4," Bartha Olivér","LMP","449","1.03",""
"1309","16",4," Gál Noémi","SMS","155","0.35",""
"1310","16",4," Lakatos Miklós","Független","45","0.10",""
"1311","16",4," Nagy István Béla","MUNKÁSPÁRT","263","0.60",""
"1312","16",5," Gáldi Ádám György","JESZ","95","0.22",""
"1313","16",5," Szőcsi Richárd","EU. ROM","26","0.06",""
"1314","16",5," Halmi József","MSZP-EGYÜTT-DK-PM-MLP","7799","18.22",""
"1315","16",5," Gellért Sándor","ÖP","28","0.07",""
"1316","16",5," Pásku Károly","MUNKÁSPÁRT","194","0.45",""
"1317","16",5," Balogh Pál","KISGAZDAPÁRT-MIÉP","62","0.14",""
"1318","16",5," Kovács Sándor","FIDESZ-KDNP","21721","50.75","Igen"
"1319","16",5," Tempfli József","LMP","494","1.15",""
"1320","16",5," Juhász Jácint Gyula","MRPP","20","0.05",""
"1321","16",5," Varga Gábor","FKGP","47","0.11",""
"1322","16",5," Tóthné Kun Andrea Éva","SMS","175","0.41",""
"1323","16",5," Kissné Kovács Zsuzsanna","SEM","40","0.09",""
"1324","16",5," Guthy Máté","SZOCIÁLDEMOKRATÁK","50","0.12",""
"1325","16",5," Sasvári Erzsébet","ZÖLDEK","65","0.15",""
"1326","16",5,"Dr. Apáti István","JOBBIK","11632","27.18",""
"1327","16",5," Horváth Antal","MCP","231","0.54",""
"1328","16",5," Szász József","A HAZA NEM ELADÓ","118","0.28",""
"1329","16",6," Váradi Gábor","Független","227","0.54",""
"1330","16",6,"Dr. Kiss Sándor","JOBBIK","11852","28.16",""
"1331","16",6," Nagy László Csaba","ÖP","58","0.14",""
"1332","16",6," Orgován Zoltán","MCP","266","0.63",""
"1333","16",6," Dani Zoltán","SZMP","11","0.03",""
"1334","16",6,"Dr. Nagy Zsombor","JESZ","108","0.26",""
"1335","16",6," Fekete Edit Klára","KISGAZDAPÁRT-MIÉP","51","0.12",""
"1336","16",6," Kurucz Györgyné","A HAZA NEM ELADÓ","147","0.35",""
"1337","16",6," Tanács István","SEM","51","0.12",""
"1338","16",6," Varga Krisztián","SZOCIÁLDEMOKRATÁK","94","0.22",""
"1339","16",6,"Dr. Simon Miklós","FIDESZ-KDNP","19768","46.97","Igen"
"1340","16",6,"Dr. Helmeczy László József","MSZP-EGYÜTT-DK-PM-MLP","8298","19.72",""
"1341","16",6," Tamás Sándor","FKGP","125","0.30",""
"1342","16",6," Horváth Jenőné","MGP","41","0.10",""
"1343","16",6," Máté György Ákos","LMP","587","1.39",""
"1344","16",6," Szécsi Miklós","EU. ROM","51","0.12",""
"1345","16",6," Bodó Istvánné","ZÖLDEK","85","0.20",""
"1346","16",6," Jakab József","TBP","51","0.12",""
"1347","16",6," Avakov Nyikolaj Viktorovics","KTI","19","0.05",""
"1348","16",6," Harsányi Simon","SMS","195","0.46",""
"1349","17",1," Both Norbert","SEM","209","0.55",""
"1350","17",1," Reiter Antal Józsefné","KTI","112","0.29",""
"1351","17",1,"Dr. Hadházy Ákos Ányos","LMP","4182","10.93",""
"1352","17",1," Horváth Krisztián","SMS","194","0.51",""
"1353","17",1," Horváth István","FIDESZ-KDNP","15997","41.80","Igen"
"1354","17",1," Ürmös M. Attila","JOBBIK","7532","19.68",""
"1355","17",1," Bátori Mihály Krisztián","MCF","17","0.04",""
"1356","17",1," Sárközi Jánosné","MCP","115","0.30",""
"1357","17",1," Vas Jácint","ÚMP","12","0.03",""
"1358","17",1," Jurás Zsolt","SZOCIÁLDEMOKRATÁK","75","0.20",""
"1359","17",1,"Dr. Harangozó Tamás Attila","MSZP-EGYÜTT-DK-PM-MLP","9483","24.78",""
"1360","17",1," Kovács Irma Tünde","MACSEP","18","0.05",""
"1361","17",1," Molnár Attila","ÚDP","32","0.08",""
"1362","17",1," Vass Szilvia","A HAZA NEM ELADÓ","289","0.76",""
"1363","17",2," Monostori János","JOBBIK","8606","23.34",""
"1364","17",2," Konyár Melinda","MKSZU","67","0.18",""
"1365","17",2," Tigelmann Péter","MSZP-EGYÜTT-DK-PM-MLP","8816","23.91",""
"1366","17",2," Orsós Istvánné","MACSEP","23","0.06",""
"1367","17",2," Marton Janka","AQP","33","0.09",""
"1368","17",2," Dömötörné Solymár Orsika","LMP","1105","3.00",""
"1369","17",2," Lécz György","FKGP","128","0.35",""
"1370","17",2," Potápi Árpád János","FIDESZ-KDNP","17547","47.59","Igen"
"1371","17",2," Banainé Kömüves Anita","ZÖLDEK","218","0.59",""
"1372","17",2," Orsós István","EGYÜTT 2014","83","0.23",""
"1373","17",2," Nyerges Attiláné","A HAZA NEM ELADÓ","242","0.66",""
"1374","17",3," Rafael Gyula","MCP","76","0.21",""
"1375","17",3," Heringes Anita","MSZP-EGYÜTT-DK-PM-MLP","7452","20.34",""
"1376","17",3," Kulcsár Virág Mónika","MDU","24","0.07",""
"1377","17",3," Váczi Ferenc","A HAZA NEM ELADÓ","231","0.63",""
"1378","17",3," Dávid István","SZMP","61","0.17",""
"1379","17",3," Harmat Gabriella","LMP","1284","3.51",""
"1380","17",3," Orbán Attila","FKGP","280","0.76",""
"1381","17",3," Gajnok Rómeó","HATMAP","9","0.02",""
"1382","17",3," Bencze János","JOBBIK","8288","22.63",""
"1383","17",3," Hirt Ferenc","FIDESZ-KDNP","18286","49.92","Igen"
"1384","17",3," Sárköziné Rafai Nikoletta","MACSEP","23","0.06",""
"1385","17",3," Hingl János Zsolt","SZOCIÁLDEMOKRATÁK","135","0.37",""
"1386","17",3," Eszenyi Gábor","KTI","115","0.31",""
"1387","17",3," Köhler Nóra","SEM","219","0.60",""
"1388","17",3," Tamási Gabriella","REND, SZABADSÁG","31","0.08",""
"1389","17",3," Ferenci Richárd","SMS","115","0.31",""
"1390","18",1," Kupi Jánosné","SMS","279","0.61",""
"1391","18",1," Nagy András","4K!","204","0.44",""
"1392","18",1," Balassa Péter Sándor","JOBBIK","7034","15.34",""
"1393","18",1," Laki Gábor","ÚMP","61","0.13",""
"1394","18",1," Kőrössy Tamás György","FKGP","100","0.22",""
"1395","18",1,"Dr. Hende Csaba Károly","FIDESZ-KDNP","20612","44.95","Igen"
"1396","18",1," Horváth Zoltán","LMP","2841","6.20",""
"1397","18",1," Simon Zoltán Antal","KTI","262","0.57",""
"1398","18",1," Bősze Csaba Bálint","JESZ","100","0.22",""
"1399","18",1," Kovács Szabolcs","ÚDP","39","0.09",""
"1400","18",1,"Dr. Nemény András","MSZP-EGYÜTT-DK-PM-MLP","14049","30.64",""
"1401","18",1," Tóthné Szakály Henrietta","SEM","271","0.59",""
"1402","18",2," Ágh Péter","FIDESZ-KDNP","22792","52.01","Igen"
"1403","18",2," Orbán Gergő","ÚDP","126","0.29",""
"1404","18",2," Bakonyi László","SZOCIÁLDEMOKRATÁK","107","0.24",""
"1405","18",2," Rába László","KTI","295","0.67",""
"1406","18",2," Fehér László István","MSZP-EGYÜTT-DK-PM-MLP","10570","24.12",""
"1407","18",2," Kovács Attila","MCP","54","0.12",""
"1408","18",2," Bogáti András","LMP","1686","3.85",""
"1409","18",2," Táncsics Péter","ÚMP","317","0.72",""
"1410","18",2," Kőrös Ernő","ÖP","104","0.24",""
"1411","18",2," Sztojka István","JESZ","82","0.19",""
"1412","18",2," Rába Kálmán","JOBBIK","7447","16.99",""
"1413","18",2," Danka Lajos","KISGAZDAPÁRT-MIÉP","193","0.44",""
"1414","18",2," Radányi-Kovács Tamás","Nemzeti Forr.Párt","50","0.11",""
"1415","18",3," Mester Dávid","SEM","173","0.41",""
"1416","18",3," Bana Tibor","JOBBIK","9379","22.02",""
"1417","18",3," Tóth Attila Géza","A HAZA NEM ELADÓ","279","0.66",""
"1418","18",3," Baracska Péter Róbert","LMP","1358","3.19",""
"1419","18",3," Takács Ádám","ÚDP","43","0.10",""
"1420","18",3," Horváth István Mihály","SMS","312","0.73",""
"1421","18",3," Pillei Róbert","SZMP","26","0.06",""
"1422","18",3," Sallai Ivett","FKGP","98","0.23",""
"1423","18",3," Nagy Gergő","SZAVA","25","0.06",""
"1424","18",3," Horváth Csabáné","MCP","47","0.11",""
"1425","18",3," Bognár Erik","SZDP","107","0.25",""
"1426","18",3," Góman Károlyné","KMSZ","50","0.12",""
"1427","18",3," Sütő János Zoltán","JESZ","75","0.18",""
"1428","18",3," Wrzava Pál","MSZP-EGYÜTT-DK-PM-MLP","6318","14.84",""
"1429","18",3," Racker Béla","ÚMP","25","0.06",""
"1430","18",3," V.Németh Zsolt","FIDESZ-KDNP","24271","56.99","Igen"
"1431","19",1," Kozmor Imre Ferenc","ÚMP","25","0.05",""
"1432","19",1," Pál Béla","MSZP-EGYÜTT-DK-PM-MLP","13009","27.64",""
"1433","19",1," Kerpács István","MCP","51","0.11",""
"1434","19",1," Vajda Krisztián","ÚDP","50","0.11",""
"1435","19",1," Gerstmár Ferenc","LMP","2904","6.17",""
"1436","19",1," Kovács Béla","SEM","304","0.65",""
"1437","19",1," Horváth Márton Imre","JESZ","332","0.71",""
"1438","19",1," Forgóné Kelemen Judit Andrea","JOBBIK","7759","16.48",""
"1439","19",1,"Dr. Navracsics Tibor","FIDESZ-KDNP","22194","47.15","Igen"
"1440","19",1," Piróth István","A HAZA NEM ELADÓ","262","0.56",""
"1441","19",1," Sinka Vivien Karolin","ÖP","178","0.38",""
"1442","19",2," Báthori István","SEM","383","0.84",""
"1443","19",2," Scheiring Gábor","MSZP-EGYÜTT-DK-PM-MLP","12428","27.19",""
"1444","19",2," Fülöp Richárd","JESZ","196","0.43",""
"1445","19",2," Varga Péter Roland","ÚMP","50","0.11",""
"1446","19",2," Puli Diána Klaudia","A HAZA NEM ELADÓ","300","0.66",""
"1447","19",2," Kincses Mária Rózsa","MDU","46","0.10",""
"1448","19",2," Tar Krisztián","ÚDP","35","0.08",""
"1449","19",2,"Dr. Sinkáné Vati Júlia","ÖP","148","0.32",""
"1450","19",2," Török Mónika","SZOCIÁLDEMOKRATÁK","154","0.34",""
"1451","19",2," Strasszer Ferencné","REND, SZABADSÁG","12","0.03",""
"1452","19",2," Orsós László Vendel","MCP","50","0.11",""
"1453","19",2," Turcsán József","MKSZU","73","0.16",""
"1454","19",2," Csonnó György Ferenc","EU. ROM","20","0.04",""
"1455","19",2," Cséby Géza Attila","LMP","2246","4.91",""
"1456","19",2," Kepli Lajos","JOBBIK","8716","19.07",""
"1457","19",2,"Dr. Kontrát Károly","FIDESZ-KDNP","20854","45.62","Igen"
"1458","19",3,"Dr. Horváth József","MSZP-EGYÜTT-DK-PM-MLP","11769","27.34",""
"1459","19",3," Stumpf Mariann","SEM","181","0.42",""
"1460","19",3," Szabó Ferenc","A HAZA NEM ELADÓ","234","0.54",""
"1461","19",3," Bogdán Levente","MCP","44","0.10",""
"1462","19",3," Kottán Georgina","ÚMP","38","0.09",""
"1463","19",3," Barbalics Antal","KTI","232","0.54",""
"1464","19",3," Tóth Tibor","SZOCIÁLDEMOKRATÁK","147","0.34",""
"1465","19",3," Lázár Péter László","ÉLŐLÁNC","80","0.19",""
"1466","19",3," Kónya Krisztián Zsolt","JESZ","96","0.22",""
"1467","19",3," Dobó Zoltán","JOBBIK","10110","23.49",""
"1468","19",3," Kócs Felicián Gábor","ÚDP","34","0.08",""
"1469","19",3," Lasztovicza Jenő","FIDESZ-KDNP","18570","43.14","Igen"
"1470","19",3," Németh Ferenc","MGP","47","0.11",""
"1471","19",3," Bándliné Keserü Judit","ÖP","65","0.15",""
"1472","19",3," Guzslován Gábor","LMP","1276","2.96",""
"1473","19",3," Horváth Ferenc","EU. ROM","32","0.07",""
"1474","19",3," Széll Tamás","ÚGP","87","0.20",""
"1475","19",4," Ferenczi Gábor","JOBBIK","10030","22.98",""
"1476","19",4," Király Jenny","ÚDP","28","0.06",""
"1477","19",4," Hernádi Tamás","JESZ","164","0.38",""
"1478","19",4," Királyné Ferencz Ildikó","ÚMP","53","0.12",""
"1479","19",4," Horváth Sándor","MCP","62","0.14",""
"1480","19",4," Pászli Ferenc","ZÖLDEK","176","0.40",""
"1481","19",4," Nyőgér István","LMP","1274","2.92",""
"1482","19",4," Gőgös Zoltán","MSZP-EGYÜTT-DK-PM-MLP","9485","21.73",""
"1483","19",4,"Dr. Kovács Zoltán","FIDESZ-KDNP","22246","50.98","Igen"
"1484","19",4," Mészáros Szabolcs","EP","123","0.28",""
"1485","20",1," Zsömlye György","MGP","59","0.11",""
"1486","20",1," Major Gábor","MSZP-EGYÜTT-DK-PM-MLP","12381","24.08",""
"1487","20",1," Salamon László","ÚDP","42","0.08",""
"1488","20",1," Domokos Ádám","ÚMP","46","0.09",""
"1489","20",1," Jambrik Gézáné","MDU","31","0.06",""
"1490","20",1," Pete Róbert","JOBBIK","10957","21.31",""
"1491","20",1," Király Ildikó","HATMAP","35","0.07",""
"1492","20",1," Jambrik Márton","REND, SZABADSÁG","29","0.06",""
"1493","20",1," Kiss Ferenc","Független","1382","2.69",""
"1494","20",1," Németh Brendon Zsolt","MCP","79","0.15",""
"1495","20",1," Hegedüs Erzsébet","SZOCIÁLDEMOKRATÁK","133","0.26",""
"1496","20",1," Tibolya Krisztina","MSZDP","54","0.11",""
"1497","20",1,"Dr. Paksy Zoltán","LMP","2196","4.27",""
"1498","20",1," Kulcsárné Kozma Erzsébet","SZAVA","25","0.05",""
"1499","20",1," Tóth István Jánosné","SMS","636","1.24",""
"1500","20",1,"Dr. Bor Tibor","FKGP","235","0.46",""
"1501","20",1," Cseke József","SZMP","117","0.23",""
"1502","20",1," Vigh László","FIDESZ-KDNP","22816","44.38","Igen"
"1503","20",1," Czirók Erika Aranka","EP","163","0.32",""
"1504","20",2," Berkenyés István","FKGP","302","0.67",""
"1505","20",2," Szarvas István","SMS","173","0.38",""
"1506","20",2," Nagy Richárd","ÚDP","36","0.08",""
"1507","20",2," Németh Áron Csaba","LMP","1792","3.95",""
"1508","20",2," Fenyvesi Tibor","MCP","133","0.29",""
"1509","20",2," Szermek Zsolt Ottó","MSZP-EGYÜTT-DK-PM-MLP","8943","19.72",""
"1510","20",2," Selmeczy Zsuzsanna","JOBBIK","10985","24.22",""
"1511","20",2," Manninger Jenő Vilmos","FIDESZ-KDNP","22351","49.28","Igen"
"1512","20",2," Kottán Krisztián","ÚMP","96","0.21",""
"1513","20",2," Balázs Árpád Mátyás","A HAZA NEM ELADÓ","378","0.83",""
"1514","20",2," Raffai Eszter Evelin","MRPP","35","0.08",""
"1515","20",2," Sütő János Zoltán","JESZ","132","0.29",""
"1516","20",3," Domokos Zsolt","EP","67","0.15",""
"1517","20",3," Piskor József Zoltán","ÖP","98","0.21",""
"1518","20",3," Cseresnyés Péter","FIDESZ-KDNP","18279","39.57","Igen"
"1519","20",3," Bogdán Zoltán","MCP","249","0.54",""
"1520","20",3," Járási István","A HAZA NEM ELADÓ","217","0.47",""
"1521","20",3," Somogyvári László","MRPP","23","0.05",""
"1522","20",3," Kucséber Ervin","FKGP","202","0.44",""
"1523","20",3," Pásztori Patricia","SEM","299","0.65",""
"1524","20",3," Barna Magdolna","KTI","174","0.38",""
"1525","20",3," Gayer András Rikárd","NOP","18","0.04",""
"1526","20",3," Göndör István","MSZP-EGYÜTT-DK-PM-MLP","12024","26.03",""
"1527","20",3," Sándor József","SMS","184","0.40",""
"1528","20",3," Zakó László","JOBBIK","12601","27.28",""
"1529","20",3," Molnár István","JESZ","169","0.37",""
"1530","20",3," Marton Krisztián","AQP","69","0.15",""
"1531","20",3," Tringer Ferenc Péter","LMP","1516","3.28",""
